id,timestamp,temperature,pressure,humidity,wind_speed,wind_deg,rain,deviceId
1,2023-08-18 10:00:00,20.04,1022.0,79.0,5.14,94.0,0.0,1
2,2023-08-18 11:00:00,21.78,1022.0,70.0,5.24,98.0,0.0,2
3,2023-08-18 12:00:00,22.58,1021.0,67.0,5.34,108.0,0.0,3
4,2023-08-18 13:00:00,22.45,1021.0,70.0,5.46,114.0,0.0,4
5,2023-08-18 14:00:00,22.56,1021.0,73.0,5.37,112.0,0.0,5
6,2023-08-18 15:00:00,22.45,1021.0,72.0,5.28,107.0,0.0,7
7,2023-08-18 16:00:00,22.41,1021.0,73.0,5.32,107.0,0.0,10
8,2023-08-18 10:00:00,30.43,1015.0,53.0,2.02,26.0,0.0,11
9,2023-08-18 10:00:00,30.51,1015.0,53.0,1.82,26.0,0.0,14
10,2023-08-18 10:00:00,30.53,1015.0,52.0,2.07,28.0,0.0,15
11,2023-08-18 17:00:00,21.13,1021.0,80.0,4.89,104.0,0.0,16
12,2023-08-18 11:00:00,31.65,1015.0,49.0,2.15,33.0,0.0,17
13,2023-08-18 10:00:00,19.18,1016.0,88.0,2.61,97.0,0.0,18
14,2023-08-18 10:00:00,28.95,1016.0,40.0,2.64,29.0,0.0,20
15,2023-08-18 10:00:00,29.64,1021.0,28.0,4.43,225.0,0.0,21
16,2023-08-18 10:00:00,29.56,1016.0,53.0,2.31,29.0,0.0,23
17,2023-08-18 10:00:00,30.69,1017.0,58.0,0.5,336.0,0.0,24
18,2023-08-18 11:00:00,31.69,1015.0,49.0,1.92,33.0,0.0,25
19,2023-08-18 11:00:00,31.56,1015.0,49.0,2.29,37.0,0.0,26
20,2023-08-18 18:00:00,19.97,1021.0,84.0,5.08,100.0,0.0,27
21,2023-08-18 12:00:00,32.36,1014.0,47.0,2.44,31.0,0.0,28
22,2023-08-18 11:00:00,19.98,1016.0,88.0,2.29,112.0,0.0,29
23,2023-08-18 11:00:00,31.09,1021.0,24.0,5.0,228.0,0.0,30
24,2023-08-18 11:00:00,29.36,1016.0,39.0,3.64,31.0,0.0,31
25,2023-08-18 11:00:00,30.67,1016.0,49.0,2.53,31.0,0.0,32
26,2023-08-18 11:00:00,31.45,1016.0,55.0,0.38,29.0,0.0,35
27,2023-08-18 12:00:00,32.39,1014.0,47.0,2.29,32.0,0.0,36
28,2023-08-18 12:00:00,32.55,1015.0,46.0,2.52,37.0,0.0,37
29,2023-08-18 19:00:00,19.29,1021.0,82.0,5.15,103.0,0.0,38
30,2023-08-18 13:00:00,33.25,1014.0,45.0,2.85,27.0,0.0,39
31,2023-08-18 12:00:00,23.42,1015.0,75.0,2.76,103.0,0.0,40
32,2023-08-18 12:00:00,31.95,1020.0,22.0,5.89,238.0,0.0,41
33,2023-08-18 12:00:00,29.58,1015.0,39.0,4.57,31.0,0.0,42
34,2023-08-18 12:00:00,31.64,1015.0,47.0,2.74,27.0,0.0,43
35,2023-08-18 12:00:00,32.26,1016.0,50.0,0.72,100.0,0.0,45
36,2023-08-18 13:00:00,33.31,1014.0,45.0,2.7,28.0,0.0,47
37,2023-08-18 13:00:00,33.16,1014.0,45.0,2.93,32.0,0.0,48
38,2023-08-18 20:00:00,18.95,1021.0,82.0,5.27,103.0,0.0,49
39,2023-08-18 14:00:00,33.7,1014.0,42.0,3.72,27.0,0.0,50
40,2023-08-18 13:00:00,25.41,1015.0,65.0,2.15,122.0,0.0,51
41,2023-08-18 13:00:00,33.07,1020.0,19.0,5.88,239.0,0.0,52
42,2023-08-18 13:00:00,29.38,1015.0,39.0,5.01,32.0,0.0,53
43,2023-08-18 13:00:00,32.29,1015.0,45.0,3.09,24.0,0.0,55
44,2023-08-18 13:00:00,32.91,1015.0,50.0,1.05,96.0,0.0,57
45,2023-08-18 14:00:00,33.75,1014.0,42.0,3.61,28.0,0.0,59
46,2023-08-18 14:00:00,33.62,1014.0,42.0,3.62,29.0,0.0,60
47,2023-08-18 15:00:00,34.09,1014.0,41.0,1.93,16.0,0.0,61
48,2023-08-18 21:00:00,18.21,1021.0,84.0,4.66,93.0,0.0,62
49,2023-08-18 14:00:00,33.5,1020.0,17.0,6.07,244.0,0.0,63
50,2023-08-18 14:00:00,25.74,1014.0,75.0,1.63,121.0,0.0,64
51,2023-08-18 14:00:00,29.45,1014.0,42.0,5.69,42.0,0.0,65
52,2023-08-18 14:00:00,32.73,1014.0,42.0,3.78,24.0,0.0,66
53,2023-08-18 14:00:00,33.75,1015.0,46.0,1.14,68.0,0.0,67
54,2023-08-18 15:00:00,34.14,1014.0,41.0,1.87,20.0,0.0,70
55,2023-08-18 15:00:00,33.99,1014.0,41.0,1.67,23.0,0.0,71
56,2023-08-18 16:00:00,33.66,1013.0,42.0,1.39,18.0,0.0,72
57,2023-08-18 21:00:00,18.19,1021.0,84.0,4.66,93.0,0.0,73
58,2023-08-18 15:00:00,33.24,1019.0,17.0,6.26,249.0,0.0,74
59,2023-08-18 15:00:00,29.2,1016.0,46.0,3.24,10.0,0.0,75
60,2023-08-18 15:00:00,26.04,1013.0,76.0,0.98,109.0,0.0,76
61,2023-08-18 15:00:00,33.11,1014.0,42.0,2.0,350.0,0.0,77
62,2023-08-18 15:00:00,33.47,1015.0,48.0,1.86,100.0,0.0,79
63,2023-08-18 16:00:00,33.73,1013.0,42.0,1.43,24.0,0.0,82
64,2023-08-18 16:00:00,33.59,1013.0,42.0,0.65,28.0,0.0,83
65,2023-08-18 17:00:00,32.54,1014.0,47.0,0.7,98.0,0.0,84
66,2023-08-18 22:00:00,18.21,1021.0,88.0,4.81,89.0,0.0,85
67,2023-08-18 16:00:00,33.48,1019.0,16.0,4.61,244.0,0.0,86
68,2023-08-18 16:00:00,28.38,1016.0,54.0,2.17,249.0,0.51,87
69,2023-08-18 16:00:00,26.47,1013.0,75.0,1.47,116.0,0.0,88
70,2023-08-18 16:00:00,32.65,1014.0,42.0,1.74,3.0,0.0,89
71,2023-08-18 16:00:00,33.03,1015.0,48.0,2.48,113.0,0.0,90
72,2023-08-18 17:00:00,32.62,1014.0,47.0,0.98,83.0,0.0,93
73,2023-08-18 17:00:00,32.43,1014.0,47.0,0.91,169.0,0.0,94
74,2023-08-18 23:00:00,18.04,1020.0,89.0,4.77,88.0,0.0,95
75,2023-08-18 18:00:00,29.84,1013.0,55.0,2.27,105.0,0.0,96
76,2023-08-18 17:00:00,27.86,1015.0,53.0,1.0,224.0,0.0,97
77,2023-08-18 17:00:00,33.41,1019.0,16.0,5.39,254.0,0.0,98
78,2023-08-18 17:00:00,25.93,1012.0,79.0,1.9,109.0,0.0,99
79,2023-08-18 17:00:00,31.51,1014.0,48.0,1.16,62.0,0.0,100
80,2023-08-18 17:00:00,32.24,1015.0,51.0,2.9,107.0,0.0,101
81,2023-08-18 18:00:00,29.9,1013.0,55.0,2.44,98.0,0.0,103
82,2023-08-18 19:00:00,26.33,1015.0,66.0,2.73,128.0,0.0,106
83,2023-08-18 18:00:00,29.67,1014.0,55.0,1.89,121.0,0.0,107
84,2023-08-19 00:00:00,17.44,1020.0,94.0,4.84,91.0,0.0,108
85,2023-08-18 18:00:00,32.56,1019.0,17.0,4.59,252.0,0.0,109
86,2023-08-18 18:00:00,26.82,1016.0,65.0,1.36,182.0,0.0,110
87,2023-08-18 18:00:00,25.2,1012.0,82.0,2.33,84.0,0.0,111
88,2023-08-18 18:00:00,30.29,1015.0,58.0,3.14,92.0,0.0,112
89,2023-08-18 18:00:00,28.57,1014.0,57.0,2.15,101.0,0.0,113
90,2023-08-18 19:00:00,26.55,1015.0,66.0,2.85,123.0,0.0,116
91,2023-08-18 20:00:00,26.47,1014.0,66.0,2.59,132.0,0.0,117
92,2023-08-18 19:00:00,27.07,1014.0,63.0,2.6,137.0,0.0,118
93,2023-08-19 01:00:00,17.2,1020.0,94.0,4.52,94.0,0.0,119
94,2023-08-18 19:00:00,25.16,1016.0,66.0,1.6,213.0,0.0,120
95,2023-08-18 19:00:00,30.98,1019.0,18.0,3.49,252.0,0.0,121
96,2023-08-18 19:00:00,24.01,1012.0,87.0,2.33,84.0,0.0,122
97,2023-08-18 19:00:00,28.5,1015.0,65.0,3.32,87.0,0.0,123
98,2023-08-18 19:00:00,26.05,1014.0,65.0,2.08,124.0,0.0,124
99,2023-08-18 20:00:00,26.6,1014.0,66.0,2.7,128.0,0.0,126
100,2023-08-18 21:00:00,25.79,1015.0,70.0,2.25,141.0,0.0,129
101,2023-08-18 20:00:00,26.29,1015.0,66.0,2.5,138.0,0.0,130
102,2023-08-21 09:00:00,20.62,1022.0,66.0,4.93,280.0,0.0,131
103,2023-08-18 20:00:00,24.35,1016.0,65.0,1.79,231.0,0.0,132
104,2023-08-18 20:00:00,29.4,1020.0,22.0,3.63,253.0,0.0,133
105,2023-08-18 20:00:00,22.8,1012.0,89.0,2.44,99.0,0.0,134
106,2023-08-18 20:00:00,27.52,1016.0,68.0,3.59,98.0,0.0,135
107,2023-08-18 20:00:00,25.34,1015.0,67.0,2.0,136.0,0.0,136
108,2023-08-18 21:00:00,25.84,1015.0,70.0,2.34,136.0,0.0,138
109,2023-08-18 21:00:00,25.85,1015.0,71.0,2.25,141.0,0.0,140
110,2023-08-18 21:00:00,25.63,1015.0,70.0,2.18,148.0,0.0,141
111,2023-08-21 10:00:00,21.05,1021.0,64.0,5.37,284.0,0.0,142
112,2023-08-18 21:00:00,28.73,1020.0,24.0,3.66,244.0,0.0,143
113,2023-08-18 21:00:00,23.56,1016.0,65.0,1.81,238.0,0.0,144
114,2023-08-18 21:00:00,22.54,1012.0,90.0,2.71,111.0,0.0,145
115,2023-08-18 21:00:00,24.77,1015.0,71.0,1.86,150.0,0.0,146
116,2023-08-18 21:00:00,26.89,1016.0,70.0,3.19,105.0,0.0,148
117,2023-08-18 21:00:00,25.86,1015.0,71.0,2.34,136.0,0.0,150
118,2023-08-18 22:00:00,24.82,1015.0,73.0,1.78,153.0,0.0,151
119,2023-08-18 21:00:00,25.69,1015.0,71.0,2.18,148.0,0.0,152
120,2023-08-18 21:00:00,23.51,1016.0,65.0,1.81,238.0,0.0,154
121,2023-08-18 21:00:00,28.16,1020.0,25.0,3.66,244.0,0.0,155
122,2023-08-21 11:00:00,21.49,1021.0,60.0,5.61,286.0,0.0,156
123,2023-08-18 21:00:00,22.52,1012.0,91.0,2.71,111.0,0.0,157
124,2023-08-18 21:00:00,24.83,1015.0,71.0,1.86,150.0,0.0,158
125,2023-08-18 22:00:00,24.89,1015.0,73.0,1.84,145.0,0.0,160
126,2023-08-18 21:00:00,26.38,1016.0,71.0,3.19,105.0,0.0,162
127,2023-08-18 22:00:00,24.64,1016.0,73.0,1.82,163.0,0.0,163
128,2023-08-18 23:00:00,23.72,1015.0,77.0,1.38,166.0,0.0,164
129,2023-08-18 22:00:00,22.86,1016.0,67.0,1.53,243.0,0.0,165
130,2023-08-18 22:00:00,27.12,1021.0,29.0,3.43,232.0,0.0,166
131,2023-08-21 12:00:00,21.79,1022.0,59.0,5.59,288.0,0.0,167
132,2023-08-18 22:00:00,22.4,1012.0,92.0,2.94,121.0,0.0,168
133,2023-08-18 22:00:00,23.77,1016.0,73.0,1.46,167.0,0.0,169
134,2023-08-18 23:00:00,23.77,1015.0,77.0,1.4,154.0,0.0,170
135,2023-08-18 22:00:00,25.76,1017.0,75.0,2.71,107.0,0.0,171
136,2023-08-18 23:00:00,23.57,1016.0,77.0,1.54,176.0,0.0,174
137,2023-08-19 00:00:00,23.73,1015.0,75.0,1.83,156.0,0.0,176
138,2023-08-18 23:00:00,22.87,1016.0,69.0,1.28,247.0,0.0,177
139,2023-08-18 23:00:00,26.58,1021.0,32.0,3.08,227.0,0.0,178
140,2023-08-21 13:00:00,22.0,1022.0,62.0,5.48,288.0,0.0,179
141,2023-08-18 23:00:00,22.04,1011.0,93.0,2.89,121.0,0.0,180
142,2023-08-18 23:00:00,22.73,1016.0,78.0,1.13,184.0,0.0,181
143,2023-08-18 23:00:00,24.69,1016.0,79.0,2.52,103.0,0.0,182
144,2023-08-19 00:00:00,23.76,1015.0,75.0,1.86,148.0,0.0,183
145,2023-08-19 00:00:00,23.91,1015.0,75.0,1.96,163.0,0.0,186
146,2023-08-19 01:00:00,23.64,1015.0,75.0,1.38,163.0,0.0,187
147,2023-08-19 00:00:00,22.33,1016.0,70.0,1.24,246.0,0.0,188
148,2023-08-21 14:00:00,21.69,1022.0,64.0,5.27,287.0,0.0,189
149,2023-08-19 00:00:00,21.89,1011.0,93.0,2.44,148.0,0.0,190
150,2023-08-19 00:00:00,25.41,1021.0,34.0,2.66,254.0,0.0,191
151,2023-08-19 00:00:00,23.87,1016.0,83.0,2.26,101.0,0.0,192
152,2023-08-19 00:00:00,23.0,1016.0,75.0,1.49,167.0,0.0,193
153,2023-08-19 01:00:00,23.67,1015.0,75.0,1.31,151.0,0.0,194
154,2023-08-19 01:00:00,23.47,1015.0,75.0,1.51,177.0,0.0,196
155,2023-08-21 09:00:00,31.28,1020.0,50.0,2.51,21.0,0.0,198
156,2023-08-19 01:00:00,24.97,1021.0,36.0,1.97,258.0,0.0,200
157,2023-08-19 01:00:00,22.06,1016.0,72.0,1.46,242.0,0.0,201
158,2023-08-28 06:00:00,14.47,1007.0,91.0,3.03,243.0,0.0,202
159,2023-08-19 01:00:00,21.96,1011.0,93.0,2.31,157.0,0.0,203
160,2023-08-19 01:00:00,23.62,1017.0,84.0,2.07,64.0,0.0,204
161,2023-08-19 01:00:00,22.78,1015.0,75.0,1.28,171.0,0.0,205
162,2023-08-21 09:00:00,31.45,1020.0,50.0,2.32,23.0,0.0,207
163,2023-08-21 09:00:00,31.2,1020.0,50.0,2.53,18.0,0.0,208
164,2023-08-21 10:00:00,32.6,1020.0,45.0,3.08,46.0,0.0,210
165,2023-08-28 06:00:00,14.47,1007.0,91.0,3.03,243.0,0.0,211
166,2023-08-21 09:00:00,32.46,1026.0,28.0,1.98,86.0,0.0,212
167,2023-08-21 09:00:00,28.86,1019.0,43.0,4.39,357.0,0.0,213
168,2023-08-21 09:00:00,30.19,1021.0,53.0,2.94,22.0,0.0,214
169,2023-08-21 09:00:00,33.51,1021.0,49.0,0.53,20.0,0.0,215
170,2023-08-21 09:00:00,23.93,1023.0,69.0,1.39,283.0,0.0,217
171,2023-08-21 10:00:00,32.69,1020.0,45.0,2.96,49.0,0.0,218
172,2023-08-21 10:00:00,32.53,1020.0,45.0,3.19,48.0,0.0,219
173,2023-08-21 11:00:00,33.47,1019.0,42.0,3.58,52.0,0.0,220
174,2023-08-28 07:00:00,15.86,1007.0,85.0,3.65,257.0,0.0,223
175,2023-08-21 10:00:00,29.6,1019.0,39.0,4.95,360.0,0.0,224
176,2023-08-21 10:00:00,33.99,1026.0,29.0,1.86,111.0,0.0,225
177,2023-08-21 10:00:00,31.59,1020.0,47.0,3.35,37.0,0.0,226
178,2023-08-21 10:00:00,34.47,1021.0,45.0,1.86,103.0,0.0,227
179,2023-08-21 10:00:00,24.46,1023.0,61.0,1.89,277.0,0.0,229
180,2023-08-21 11:00:00,33.55,1019.0,42.0,3.43,52.0,0.0,230
181,2023-08-21 11:00:00,33.4,1019.0,42.0,3.51,53.0,0.0,231
182,2023-08-21 12:00:00,34.17,1019.0,41.0,4.79,57.0,0.0,232
183,2023-08-21 11:00:00,29.96,1019.0,37.0,5.38,3.0,0.0,234
184,2023-08-28 08:00:00,16.88,1007.0,77.0,3.75,281.0,0.0,235
185,2023-08-21 11:00:00,36.05,1026.0,26.0,1.74,132.0,0.0,236
186,2023-08-21 11:00:00,32.49,1020.0,42.0,4.04,45.0,0.0,237
187,2023-08-21 11:00:00,35.34,1020.0,45.0,2.78,114.0,0.0,238
188,2023-08-21 11:00:00,25.95,1023.0,57.0,2.01,268.0,0.0,240
189,2023-08-21 12:00:00,34.25,1019.0,40.0,4.59,56.0,0.0,241
190,2023-08-21 13:00:00,34.74,1018.0,40.0,5.28,68.0,0.0,242
191,2023-08-21 12:00:00,34.08,1019.0,40.0,4.34,54.0,0.0,243
192,2023-08-21 12:00:00,29.85,1019.0,36.0,5.66,5.0,0.0,245
193,2023-08-28 09:00:00,17.89,1007.0,69.0,3.76,289.0,0.0,247
194,2023-08-21 12:00:00,33.15,1019.0,41.0,5.56,55.0,0.0,248
195,2023-08-21 12:00:00,37.26,1025.0,24.0,1.67,150.0,0.0,249
196,2023-08-21 12:00:00,35.59,1020.0,41.0,2.82,121.0,0.0,250
197,2023-08-21 12:00:00,25.89,1022.0,53.0,2.35,273.0,0.0,252
198,2023-08-21 14:00:00,35.12,1018.0,39.0,5.05,72.0,0.0,253
199,2023-08-21 13:00:00,34.83,1018.0,40.0,4.96,65.0,0.0,254
200,2023-08-21 13:00:00,34.65,1018.0,40.0,5.19,67.0,0.0,255
201,2023-08-21 13:00:00,30.16,1019.0,36.0,5.3,10.0,0.0,257
202,2023-08-28 10:00:00,18.15,1007.0,68.0,4.29,299.0,0.0,258
203,2023-08-21 13:00:00,33.73,1019.0,40.0,5.73,65.0,0.0,259
204,2023-08-21 13:00:00,38.77,1025.0,22.0,1.51,162.0,0.0,260
205,2023-08-21 13:00:00,26.62,1022.0,53.0,2.69,277.0,0.0,262
206,2023-08-21 13:00:00,36.38,1020.0,41.0,2.49,116.0,0.0,263
207,2023-08-28 06:00:00,22.85,1000.0,69.0,3.69,124.0,0.18,264
208,2023-08-21 14:00:00,35.02,1018.0,39.0,4.97,70.0,0.0,265
209,2023-08-21 14:00:00,35.18,1018.0,39.0,4.79,69.0,0.0,267
210,2023-08-21 14:00:00,30.17,1018.0,36.0,4.46,16.0,0.0,269
211,2023-08-28 11:00:00,18.28,1008.0,65.0,4.17,298.0,0.0,270
212,2023-08-21 14:00:00,34.14,1018.0,39.0,5.33,70.0,0.0,271
213,2023-08-21 14:00:00,39.16,1024.0,19.0,1.29,178.0,0.0,272
214,2023-08-21 14:00:00,26.58,1022.0,52.0,2.9,276.0,0.0,273
215,2023-08-21 14:00:00,36.16,1019.0,41.0,2.39,106.0,0.0,274
216,2023-08-28 06:00:00,22.85,1000.0,69.0,3.69,124.0,0.18,276
217,2023-08-28 06:00:00,22.75,1000.0,69.0,3.79,126.0,0.14,277
218,2023-08-28 06:00:00,22.89,1000.0,69.0,3.76,123.0,0.18,279
219,2023-08-28 06:00:00,24.96,1002.0,61.0,3.53,220.0,0.0,280
220,2023-08-28 12:00:00,18.3,1009.0,68.0,4.32,300.0,0.0,281
221,2023-08-28 06:00:00,21.73,1000.0,70.0,2.94,128.0,0.16,282
222,2023-08-28 06:00:00,14.94,1023.0,57.0,1.27,22.0,0.0,283
223,2023-08-28 06:00:00,13.49,1011.0,94.0,2.11,220.0,0.0,284
224,2023-08-28 06:00:00,22.8200000000001,1000.0,72.0,6.4,110.0,0.0,285
225,2023-08-28 07:00:00,24.44,1000.0,61.0,5.05,143.0,0.0,287
226,2023-08-28 06:00:00,22.75,1000.0,69.0,3.79,126.0,0.14,288
227,2023-08-28 06:00:00,22.89,1000.0,69.0,3.76,123.0,0.18,289
228,2023-08-28 06:00:00,25.09,1002.0,61.0,3.53,220.0,0.0,291
229,2023-08-28 13:00:00,18.93,1009.0,64.0,4.15,297.0,0.0,292
230,2023-08-28 06:00:00,21.73,1000.0,69.0,2.94,128.0,0.16,294
231,2023-08-28 06:00:00,15.46,1023.0,57.0,1.27,22.0,0.0,295
232,2023-08-28 08:00:00,26.36,999.0,51.0,5.24,156.0,0.0,296
233,2023-08-28 06:00:00,13.62,1011.0,93.0,2.11,220.0,0.0,297
234,2023-08-28 06:00:00,22.83,1000.0,72.0,6.4,110.0,0.0,298
235,2023-08-28 07:00:00,24.29,1000.0,61.0,5.6,145.0,0.0,300
236,2023-08-28 07:00:00,24.46,1000.0,62.0,4.8,142.0,0.0,302
237,2023-08-28 07:00:00,25.71,1002.0,52.0,2.59,180.0,0.0,303
238,2023-08-28 14:00:00,19.5,1009.0,60.0,4.21,300.0,0.0,304
239,2023-08-28 07:00:00,23.56,1001.0,62.0,3.91,145.0,0.12,305
240,2023-08-28 07:00:00,17.41,1023.0,51.0,1.16,24.0,0.0,306
241,2023-08-28 09:00:00,27.63,999.0,46.0,6.86,184.0,0.0,307
242,2023-08-28 07:00:00,24.72,1000.0,66.0,6.6,107.0,0.0,309
243,2023-08-28 07:00:00,14.92,1011.0,91.0,2.21,219.0,0.0,311
244,2023-08-28 08:00:00,26.22,999.0,51.0,5.75,158.0,0.0,312
245,2023-08-28 08:00:00,26.34,999.0,51.0,5.07,151.0,0.0,313
246,2023-08-28 08:00:00,24.93,1001.0,42.0,1.73,209.0,0.0,314
247,2023-08-28 15:00:00,19.2,1009.0,60.0,4.05,299.0,0.0,315
248,2023-08-28 08:00:00,25.16,999.0,53.0,4.46,166.0,0.0,317
249,2023-08-28 08:00:00,19.11,1023.0,45.0,1.22,356.0,0.0,318
250,2023-08-28 10:00:00,28.23,998.0,43.0,7.73,186.0,0.0,319
251,2023-08-28 08:00:00,26.81,999.0,55.0,8.24,133.0,0.0,320
252,2023-08-28 09:00:00,27.64,999.0,46.0,6.18,181.0,0.0,322
253,2023-08-28 09:00:00,27.49,999.0,46.0,7.49,182.0,0.0,323
254,2023-08-28 08:00:00,16.66,1011.0,86.0,2.3,236.0,0.0,325
255,2023-08-28 09:00:00,25.66,1001.0,38.0,3.66,226.0,0.0,326
256,2023-08-28 16:00:00,18.94,1010.0,60.0,3.77,299.0,0.0,327
257,2023-08-28 09:00:00,26.48,999.0,47.0,6.16,192.0,0.0,328
258,2023-08-28 09:00:00,20.7,1023.0,42.0,1.46,307.0,0.0,329
259,2023-08-28 09:00:00,28.5,999.0,49.0,7.28,137.0,0.21,330
260,2023-08-28 10:00:00,27.99,998.0,43.0,8.17,182.0,0.0,332
261,2023-08-28 11:00:00,28.5100000000001,997.0,39.0,7.12,181.0,0.0,333
262,2023-08-28 10:00:00,28.41,998.0,43.0,7.47,186.0,0.0,334
263,2023-08-28 09:00:00,18.05,1011.0,79.0,2.28,252.0,0.16,335
264,2023-08-28 10:00:00,27.34,1001.0,37.0,6.81,197.0,0.0,337
265,2023-08-28 17:00:00,17.91,1010.0,64.0,2.81,288.0,0.0,338
266,2023-08-28 10:00:00,26.92,998.0,44.0,6.71,190.0,0.0,339
267,2023-08-28 10:00:00,22.06,1023.0,39.0,1.98,287.0,0.0,340
268,2023-08-28 11:00:00,28.3,997.0,40.0,7.3,180.0,0.0,342
269,2023-08-28 12:00:00,26.14,997.0,55.0,7.47,167.0,0.0,343
270,2023-08-28 10:00:00,29.56,998.0,45.0,5.99,126.0,0.2,344
271,2023-08-28 11:00:00,28.6,997.0,39.0,7.09,182.0,0.0,345
272,2023-08-28 10:00:00,18.6,1011.0,75.0,2.28,278.0,0.1,347
273,2023-08-28 11:00:00,28.04,1000.0,38.0,8.0,210.0,0.12,349
274,2023-08-28 18:00:00,16.34,1010.0,74.0,2.75,267.0,0.0,350
275,2023-08-28 11:00:00,27.25,997.0,40.0,6.64,178.0,0.0,351
276,2023-08-28 11:00:00,23.42,1022.0,37.0,2.23,282.0,0.0,352
277,2023-08-28 12:00:00,26.11,997.0,55.0,7.27,170.0,0.0,353
278,2023-08-28 11:00:00,29.5100000000001,997.0,42.0,8.38,146.0,0.0,354
279,2023-08-28 13:00:00,26.62,996.0,52.0,6.98,186.0,0.0,355
280,2023-08-28 12:00:00,26.25,997.0,54.0,7.53,167.0,0.0,357
281,2023-08-28 11:00:00,19.38,1011.0,72.0,1.67,294.0,0.23,358
282,2023-08-28 12:00:00,27.18,1000.0,41.0,10.82,202.0,0.14,360
283,2023-08-28 19:00:00,15.21,1011.0,79.0,3.11,263.0,0.0,361
284,2023-08-28 12:00:00,25.03,998.0,60.0,6.82,164.0,0.0,362
285,2023-08-28 12:00:00,24.86,1021.0,33.0,2.81,275.0,0.0,363
286,2023-08-28 13:00:00,26.44,996.0,52.0,7.02,187.0,0.0,365
287,2023-08-28 12:00:00,27.3,998.0,60.0,8.84,158.0,0.0,366
288,2023-08-28 14:00:00,27.28,996.0,48.0,7.21,185.0,0.16,367
289,2023-08-28 13:00:00,26.71,996.0,52.0,7.06,184.0,0.0,369
290,2023-08-28 12:00:00,19.37,1011.0,74.0,1.8,310.0,0.29,371
291,2023-08-28 13:00:00,25.98,1000.0,43.0,11.79,209.0,0.0,372
292,2023-08-28 20:00:00,13.98,1011.0,86.0,3.23,274.0,0.0,373
293,2023-08-28 13:00:00,25.49,997.0,53.0,6.15,188.0,0.15,374
294,2023-08-28 14:00:00,27.16,996.0,48.0,7.78,182.0,0.15,375
295,2023-08-28 13:00:00,25.98,1020.0,31.0,2.82,259.0,0.0,376
296,2023-08-28 13:00:00,24.19,996.0,34.0,7.1,168.0,0.0,377
297,2023-08-28 15:00:00,25.37,997.0,53.0,9.22,186.0,0.0,378
298,2023-08-28 14:00:00,27.33,996.0,48.0,7.06,187.0,0.16,380
299,2023-08-28 13:00:00,19.58,1011.0,76.0,1.43,314.0,0.3,382
300,2023-08-28 14:00:00,26.28,1000.0,47.0,12.22,210.0,0.0,383
301,2023-08-28 21:00:00,13.38,1011.0,86.0,2.68,291.0,0.0,384
302,2023-08-28 14:00:00,26.1,997.0,48.0,6.47,190.0,0.16,385
303,2023-08-28 14:00:00,27.13,1020.0,28.0,2.26,240.0,0.0,386
304,2023-08-28 15:00:00,25.19,997.0,53.0,9.45,183.0,0.0,387
305,2023-08-28 14:00:00,21.91,996.0,35.0,7.68,153.0,0.0,389
306,2023-08-28 16:00:00,22.8200000000001,997.0,64.0,7.61,198.0,0.0,390
307,2023-08-28 15:00:00,25.55,997.0,53.0,9.15,187.0,0.0,392
308,2023-08-28 14:00:00,19.8,1011.0,70.0,1.53,329.0,0.38,394
309,2023-08-28 15:00:00,25.43,1000.0,51.0,11.71,203.0,0.0,395
310,2023-08-28 22:00:00,12.89,1011.0,90.0,2.41,300.0,0.0,396
311,2023-08-28 15:00:00,24.29,997.0,54.0,8.73,189.0,0.0,397
312,2023-08-28 16:00:00,22.65,997.0,65.0,7.53,196.0,0.0,398
313,2023-08-28 15:00:00,27.6,1019.0,27.0,1.21,258.0,0.0,399
314,2023-08-28 15:00:00,21.73,997.0,42.0,6.11,159.0,0.0,400
315,2023-08-28 17:00:00,21.54,997.0,68.0,6.71,210.0,0.0,402
316,2023-08-28 16:00:00,23.0,997.0,63.0,7.79,197.0,0.0,403
317,2023-08-28 16:00:00,23.39,1000.0,56.0,10.63,203.0,0.0,405
318,2023-08-28 15:00:00,18.96,1012.0,75.0,2.19,335.0,0.69,406
319,2023-08-28 23:00:00,12.5700000000001,1011.0,91.0,2.89,322.0,0.0,407
320,2023-08-28 16:00:00,21.69,998.0,68.0,7.53,201.0,0.0,408
321,2023-08-28 17:00:00,21.3200000000001,998.0,68.0,5.99,207.0,0.0,410
322,2023-08-28 16:00:00,28.2,1019.0,26.0,1.71,324.0,0.0,411
323,2023-08-28 16:00:00,21.71,999.0,75.0,3.63,224.0,0.0,413
324,2023-08-28 18:00:00,20.23,998.0,75.0,4.56,240.0,0.0,414
325,2023-08-28 17:00:00,21.73,997.0,68.0,6.91,208.0,0.0,415
326,2023-08-28 17:00:00,22.42,1000.0,56.0,10.59,202.0,0.0,416
327,2023-08-28 16:00:00,17.48,1012.0,77.0,2.62,346.0,0.71,417
328,2023-08-29 00:00:00,12.38,1011.0,92.0,2.21,327.0,0.0,419
329,2023-08-28 17:00:00,20.41,998.0,71.0,6.0,214.0,0.0,420
330,2023-08-28 18:00:00,20.04,998.0,75.0,4.05,243.0,0.0,421
331,2023-08-28 17:00:00,27.72,1019.0,26.0,1.36,1.0,0.0,422
332,2023-08-28 17:00:00,19.8200000000001,999.0,85.0,4.82,286.0,0.1,424
333,2023-08-28 19:00:00,19.2,998.0,80.0,3.85,265.0,0.0,425
334,2023-08-28 18:00:00,20.4,998.0,75.0,4.8,237.0,0.0,426
335,2023-08-28 18:00:00,21.77,1000.0,57.0,9.74,202.0,0.0,427
336,2023-08-28 17:00:00,16.45,1012.0,84.0,2.56,355.0,0.45,428
337,2023-08-29 01:00:00,11.86,1011.0,92.0,2.16,318.0,0.0,430
338,2023-08-28 18:00:00,19.09,998.0,78.0,4.16,238.0,0.0,431
339,2023-08-28 19:00:00,19.0100000000001,998.0,80.0,3.56,268.0,0.0,432
340,2023-08-28 18:00:00,26.8,1018.0,27.0,1.41,6.0,0.0,434
341,2023-08-28 18:00:00,18.83,999.0,90.0,4.46,262.0,0.17,436
342,2023-08-28 20:00:00,18.85,998.0,81.0,3.58,276.0,0.0,437
343,2023-08-28 19:00:00,19.3,998.0,80.0,4.12,263.0,0.0,438
344,2023-08-28 19:00:00,21.23,1000.0,58.0,8.76,196.0,0.0,439
345,2023-08-28 18:00:00,15.77,1012.0,90.0,2.55,355.0,0.14,441
346,2023-08-29 02:00:00,12.03,1011.0,94.0,1.73,320.0,0.0,442
347,2023-08-28 20:00:00,18.71,998.0,81.0,3.49,274.0,0.0,443
348,2023-08-28 19:00:00,18.19,999.0,80.0,3.2,260.0,0.0,444
349,2023-08-28 19:00:00,25.2600000000001,1019.0,29.0,1.1,303.0,0.0,446
350,2023-08-28 19:00:00,18.17,999.0,91.0,5.15,262.0,0.0,447
351,2023-08-28 21:00:00,18.46,998.0,83.0,4.22,299.0,0.25,448
352,2023-08-28 20:00:00,18.93,998.0,81.0,3.84,275.0,0.0,449
353,2023-08-28 20:00:00,20.97,1000.0,57.0,8.84,194.0,0.0,451
354,2023-08-28 19:00:00,15.0,1012.0,91.0,2.64,353.0,0.0,452
355,2023-08-29 03:00:00,11.0700000000001,1011.0,95.0,1.93,325.0,0.0,453
356,2023-08-28 21:00:00,18.34,998.0,84.0,4.2,298.0,0.24,454
357,2023-08-28 20:00:00,17.77,999.0,80.0,2.76,273.0,0.0,455
358,2023-08-28 20:00:00,24.15,1019.0,31.0,2.05,317.0,0.0,457
359,2023-08-28 20:00:00,18.08,1000.0,90.0,5.18,287.0,0.16,459
360,2023-08-28 22:00:00,18.3,999.0,82.0,5.97,284.0,0.0,460
361,2023-08-28 21:00:00,18.5,998.0,83.0,4.25,294.0,0.21,461
362,2023-08-28 21:00:00,20.5100000000001,1000.0,60.0,8.7,186.0,0.0,463
363,2023-08-28 20:00:00,14.78,1013.0,91.0,2.51,355.0,0.0,464
364,2023-08-29 04:00:00,10.98,1011.0,92.0,1.66,327.0,0.0,465
365,2023-08-28 22:00:00,18.16,999.0,82.0,5.92,284.0,0.0,466
366,2023-08-28 21:00:00,17.55,999.0,82.0,3.13,304.0,0.24,467
367,2023-08-28 21:00:00,23.05,1019.0,34.0,1.98,328.0,0.0,468
368,2023-08-28 21:00:00,17.44,1000.0,90.0,5.31,299.0,1.03,470
369,2023-08-28 23:00:00,17.87,998.0,83.0,5.31,275.0,0.4,471
370,2023-08-28 22:00:00,18.34,999.0,82.0,5.8,281.0,0.0,472
371,2023-08-29 05:00:00,12.13,1011.0,96.0,0.32,325.0,0.0,474
372,2023-08-28 22:00:00,20.22,1000.0,62.0,7.13,184.0,0.0,475
373,2023-08-28 21:00:00,14.18,1012.0,93.0,2.25,4.0,0.0,476
374,2023-08-28 23:00:00,17.75,998.0,83.0,5.32,275.0,0.35,477
375,2023-08-28 22:00:00,17.37,999.0,83.0,4.56,292.0,0.0,479
376,2023-08-28 22:00:00,16.92,1000.0,89.0,5.3,298.0,0.8,481
377,2023-08-28 22:00:00,22.61,1019.0,36.0,1.74,326.0,0.0,482
378,2023-08-29 00:00:00,17.63,999.0,81.0,5.98,278.0,0.0,483
379,2023-08-28 23:00:00,17.94,998.0,83.0,5.02,272.0,0.4,484
380,2023-08-29 06:00:00,14.24,1010.0,92.0,1.33,336.0,0.0,486
381,2023-08-28 23:00:00,20.12,999.0,62.0,6.09,186.0,0.0,487
382,2023-08-28 22:00:00,13.19,1012.0,94.0,2.19,356.0,0.0,488
383,2023-08-29 00:00:00,17.5,999.0,81.0,6.01,280.0,0.0,489
384,2023-08-28 23:00:00,16.97,999.0,83.0,4.04,280.0,0.36,490
385,2023-08-28 23:00:00,16.68,1000.0,90.0,4.96,307.0,1.49,492
386,2023-08-29 01:00:00,17.15,999.0,82.0,6.55,289.0,0.0,493
387,2023-08-28 23:00:00,21.67,1019.0,39.0,1.99,330.0,0.0,494
388,2023-08-29 00:00:00,17.71,999.0,81.0,5.72,276.0,0.1,495
389,2023-08-29 07:00:00,15.92,1011.0,81.0,1.35,339.0,0.0,497
390,2023-08-29 00:00:00,20.0,999.0,62.0,3.85,165.0,0.0,498
391,2023-08-28 23:00:00,12.89,1012.0,94.0,2.08,345.0,0.0,499
392,2023-08-29 01:00:00,16.91,999.0,83.0,6.36,292.0,0.0,500
393,2023-08-29 00:00:00,16.73,999.0,80.0,4.67,282.0,0.0,502
394,2023-08-29 00:00:00,16.53,1000.0,92.0,5.97,305.0,1.74,504
395,2023-08-29 02:00:00,16.0700000000001,999.0,88.0,6.5,287.0,0.0,505
396,2023-08-29 00:00:00,21.13,1019.0,43.0,2.16,19.0,0.0,506
397,2023-08-29 01:00:00,17.24,999.0,82.0,6.49,289.0,0.11,507
398,2023-08-29 08:00:00,16.38,1011.0,76.0,1.11,3.0,0.0,509
399,2023-08-29 00:00:00,12.17,1012.0,95.0,1.36,6.0,0.0,510
400,2023-08-29 01:00:00,18.7600000000001,999.0,66.0,2.36,147.0,0.0,511
401,2023-08-29 02:00:00,16.0,999.0,88.0,6.51,288.0,0.0,512
402,2023-08-29 01:00:00,16.13,999.0,84.0,5.4,291.0,0.0,513
403,2023-08-29 01:00:00,16.19,1000.0,93.0,6.28,301.0,1.17,515
404,2023-08-29 03:00:00,15.92,999.0,88.0,6.76,279.0,0.0,516
405,2023-08-29 01:00:00,20.0,1019.0,51.0,2.88,39.0,0.0,517
406,2023-08-29 02:00:00,16.2,999.0,88.0,6.46,287.0,0.0,518
407,2023-08-29 01:00:00,11.6,1011.0,95.0,0.61,20.0,0.0,519
408,2023-08-29 09:00:00,17.06,1011.0,70.0,0.91,86.0,0.0,520
409,2023-08-29 02:00:00,17.9,999.0,64.0,1.85,142.0,0.0,522
410,2023-08-29 03:00:00,15.76,999.0,89.0,6.76,279.0,0.0,523
411,2023-08-29 02:00:00,15.16,999.0,90.0,5.25,288.0,0.0,525
412,2023-08-29 02:00:00,15.71,1000.0,93.0,5.38,297.0,0.78,527
413,2023-08-29 04:00:00,16.09,999.0,86.0,6.52,274.0,0.0,528
414,2023-08-29 02:00:00,19.2,1019.0,51.0,3.02,44.0,0.0,529
415,2023-08-29 03:00:00,16.05,999.0,88.0,6.64,278.0,0.0,530
416,2023-08-29 02:00:00,11.06,1012.0,95.0,1.24,304.0,0.0,531
417,2023-08-29 10:00:00,17.43,1011.0,68.0,0.98,79.0,0.0,532
418,2023-08-29 03:00:00,17.97,999.0,64.0,1.61,146.0,0.0,534
419,2023-08-29 04:00:00,15.98,999.0,86.0,6.55,275.0,0.0,535
420,2023-08-29 03:00:00,14.94,999.0,91.0,5.56,281.0,0.0,536
421,2023-08-29 03:00:00,15.88,1000.0,94.0,4.87,303.0,0.85,538
422,2023-08-29 03:00:00,18.52,1019.0,54.0,3.05,50.0,0.0,539
423,2023-08-29 05:00:00,16.17,999.0,89.0,4.52,290.0,0.44,540
424,2023-08-29 04:00:00,16.15,999.0,87.0,6.37,273.0,0.0,541
425,2023-08-29 03:00:00,10.83,1012.0,95.0,1.08,299.0,0.0,542
426,2023-08-29 11:00:00,18.0,1010.0,66.0,0.65,24.0,0.0,544
427,2023-08-29 05:00:00,16.08,999.0,89.0,4.52,290.0,0.44,545
428,2023-08-29 04:00:00,17.93,1000.0,69.0,0.78,118.0,0.0,546
429,2023-08-29 04:00:00,15.18,999.0,86.0,5.34,275.0,0.0,547
430,2023-08-29 04:00:00,15.55,1000.0,95.0,5.31,315.0,0.94,550
431,2023-08-29 06:00:00,16.77,999.0,83.0,5.94,277.0,0.0,551
432,2023-08-29 04:00:00,18.31,1019.0,56.0,2.91,48.0,0.0,552
433,2023-08-29 05:00:00,16.2600000000001,999.0,89.0,4.52,290.0,0.44,553
434,2023-08-29 04:00:00,10.7000000000001,1011.0,95.0,0.65,279.0,0.0,554
435,2023-08-29 12:00:00,18.04,1010.0,65.0,0.35,81.0,0.0,556
436,2023-08-29 06:00:00,16.66,999.0,83.0,5.83,279.0,0.0,557
437,2023-08-29 05:00:00,17.69,1000.0,84.0,1.47,2.0,0.31,558
438,2023-08-29 05:00:00,15.19,1000.0,87.0,4.2,278.0,0.0,559
439,2023-08-29 05:00:00,15.81,1000.0,95.0,6.16,306.0,1.13,561
440,2023-08-29 07:00:00,17.03,1000.0,84.0,6.08,284.0,0.13,562
441,2023-08-29 05:00:00,17.8,1019.0,57.0,2.93,41.0,0.0,563
442,2023-08-29 06:00:00,16.83,999.0,84.0,5.8,276.0,0.1,564
443,2023-08-29 05:00:00,11.04,1011.0,95.0,1.6,291.0,0.0,565
444,2023-08-30 10:00:00,18.92,1006.0,64.0,2.86,144.0,0.0,566
445,2023-08-29 07:00:00,16.92,1000.0,84.0,5.92,285.0,0.15,568
446,2023-08-29 06:00:00,17.66,1000.0,88.0,1.44,299.0,0.25,569
447,2023-08-29 06:00:00,15.86,999.0,84.0,5.04,277.0,0.0,572
448,2023-08-29 06:00:00,16.22,1001.0,94.0,5.26,305.0,0.49,573
449,2023-08-29 08:00:00,17.25,1000.0,84.0,5.83,287.0,0.0,574
450,2023-08-29 06:00:00,18.28,1019.0,56.0,3.12,37.0,0.0,575
451,2023-08-29 07:00:00,17.12,1000.0,85.0,5.83,285.0,0.13,576
452,2023-08-29 06:00:00,12.65,1011.0,95.0,1.5,287.0,0.0,577
453,2023-08-30 11:00:00,18.58,1006.0,66.0,3.01,155.0,0.0,578
454,2023-08-29 08:00:00,17.14,1000.0,84.0,5.85,288.0,0.0,579
455,2023-08-29 07:00:00,18.63,1000.0,87.0,1.84,300.0,0.21,581
456,2023-08-29 07:00:00,16.19,1000.0,85.0,5.28,285.0,0.0,583
457,2023-08-29 07:00:00,16.96,1001.0,94.0,5.21,319.0,0.54,584
458,2023-08-29 09:00:00,18.2,1000.0,80.0,5.54,286.0,0.0,585
459,2023-08-29 07:00:00,19.63,1019.0,52.0,3.02,43.0,0.0,586
460,2023-08-29 08:00:00,17.36,1000.0,84.0,5.36,286.0,0.0,587
461,2023-08-29 07:00:00,14.23,1011.0,93.0,1.2,277.0,0.0,588
462,2023-08-29 09:00:00,18.09,1000.0,80.0,5.87,286.0,0.0,589
463,2023-08-29 08:00:00,19.94,1001.0,82.0,1.59,289.0,0.0,591
464,2023-08-29 08:00:00,17.72,1001.0,93.0,4.57,345.0,0.91,593
465,2023-08-29 08:00:00,16.37,1000.0,84.0,5.23,289.0,0.0,594
466,2023-08-29 10:00:00,20.12,1001.0,72.0,5.15,286.0,0.0,596
467,2023-08-29 09:00:00,18.3200000000001,1000.0,80.0,4.8,286.0,0.0,597
468,2023-08-29 08:00:00,20.83,1019.0,49.0,3.25,31.0,0.0,598
469,2023-08-29 08:00:00,16.18,1012.0,88.0,1.3,267.0,0.0,599
470,2023-08-29 10:00:00,18.73,1000.0,80.0,5.52,284.0,0.0,600
471,2023-08-29 09:00:00,20.35,1001.0,78.0,1.61,315.0,0.0,601
472,2023-08-29 09:00:00,18.75,1002.0,89.0,4.98,10.0,1.31,604
473,2023-08-29 09:00:00,17.25,1000.0,83.0,4.95,289.0,0.0,605
474,2023-08-29 11:00:00,19.24,1001.0,81.0,4.58,317.0,0.0,606
475,2023-08-29 10:00:00,20.09,1001.0,72.0,4.44,288.0,0.15,607
476,2023-08-29 09:00:00,22.23,1019.0,45.0,3.34,22.0,0.0,608
477,2023-08-29 09:00:00,17.52,1011.0,81.0,0.77,224.0,0.29,609
478,2023-08-29 10:00:00,21.2,1001.0,69.0,2.04,332.0,0.0,610
479,2023-08-29 11:00:00,19.13,1001.0,81.0,4.8,313.0,0.0,612
480,2023-08-29 10:00:00,18.73,1002.0,86.0,5.57,3.0,1.28,614
481,2023-08-29 10:00:00,18.21,1000.0,87.0,4.88,290.0,0.0,615
482,2023-08-29 12:00:00,20.13,1001.0,78.0,4.37,320.0,0.74,617
483,2023-08-29 11:00:00,19.3,1001.0,82.0,4.09,321.0,0.12,618
484,2023-08-29 10:00:00,18.21,1011.0,78.0,1.25,204.0,0.37,619
485,2023-08-29 10:00:00,23.2,1019.0,42.0,2.49,10.0,0.0,620
486,2023-08-29 11:00:00,21.58,1001.0,84.0,0.1,265.0,0.42,621
487,2023-08-29 12:00:00,20.0,1001.0,78.0,4.82,312.0,0.69,622
488,2023-08-29 11:00:00,18.63,1002.0,86.0,3.52,335.0,0.8,625
489,2023-08-29 11:00:00,18.19,1001.0,86.0,4.93,319.0,0.0,626
490,2023-08-30 10:00:00,22.88,1006.0,57.0,1.35,65.0,0.0,627
491,2023-08-29 12:00:00,20.28,1001.0,78.0,3.94,328.0,0.87,628
492,2023-08-29 11:00:00,19.09,1011.0,73.0,1.95,239.0,0.21,629
493,2023-08-29 11:00:00,24.24,1018.0,39.0,2.03,330.0,0.0,630
494,2023-08-29 12:00:00,20.29,1001.0,90.0,0.79,234.0,1.74,631
495,2023-08-30 10:00:00,22.86,1006.0,57.0,1.6,71.0,0.0,632
496,2023-08-29 12:00:00,19.18,1001.0,78.0,4.55,325.0,0.51,635
497,2023-08-29 12:00:00,19.9,1002.0,88.0,3.65,320.0,0.65,636
498,2023-08-30 11:00:00,23.69,1006.0,54.0,2.39,84.0,0.0,637
499,2023-08-30 10:00:00,22.77,1006.0,58.0,1.31,59.0,0.0,639
500,2023-08-29 12:00:00,19.5,1011.0,70.0,2.04,242.0,0.13,640
501,2023-08-29 12:00:00,25.49,1017.0,35.0,2.33,316.0,0.0,641
502,2023-08-30 10:00:00,22.64,1006.0,51.0,2.2,295.0,0.42,642
503,2023-08-30 11:00:00,23.65,1006.0,54.0,2.55,86.0,0.0,643
504,2023-08-30 10:00:00,24.78,1007.0,56.0,1.06,35.0,0.0,646
505,2023-08-30 10:00:00,21.99,1006.0,55.0,1.34,50.0,0.0,647
506,2023-08-30 11:00:00,23.53,1006.0,54.0,2.41,81.0,0.0,648
507,2023-08-30 10:00:00,23.44,1017.0,40.0,2.34,38.0,0.0,649
508,2023-08-30 10:00:00,16.0,1005.0,88.0,5.27,214.0,0.19,650
509,2023-08-30 11:00:00,22.23,1007.0,54.0,3.26,297.0,0.6,651
510,2023-08-30 11:00:00,25.21,1006.0,56.0,1.45,112.0,0.0,653
511,2023-08-30 11:00:00,22.81,1006.0,53.0,1.87,86.0,0.0,655
512,2023-08-30 11:00:00,24.55,1016.0,37.0,2.15,4.0,0.0,657
513,2023-08-30 11:00:00,17.19,1004.0,82.0,5.16,256.0,0.59,658
514,2023-09-01 11:00:00,29.7,1019.0,28.0,2.98,212.0,0.0,1333
515,2023-09-01 11:00:00,26.25,1018.0,32.0,0.49,139.0,0.0,1334
516,2023-09-01 11:00:00,27.81,1019.0,52.0,0.66,27.0,0.0,1335
517,2023-09-01 11:00:00,27.44,1018.0,46.0,1.46,30.0,0.0,1336
518,2023-09-01 11:00:00,27.41,1018.0,45.0,1.74,35.0,0.0,1337
519,2023-09-01 11:00:00,27.34,1018.0,45.0,1.91,38.0,0.0,1338
520,2023-09-01 11:00:00,26.34,1018.0,45.0,0.09,67.0,0.0,1339
521,2023-09-01 11:00:00,19.58,1010.0,63.0,6.15,296.0,0.0,1340
522,2023-09-01 11:00:00,17.54,1011.0,97.0,2.74,199.0,1.6,1341
523,2023-09-01 12:00:00,30.62,1018.0,26.0,3.91,230.0,0.0,1346
524,2023-09-01 12:00:00,26.28,1018.0,33.0,0.94,106.0,0.0,1347
525,2023-09-01 12:00:00,28.65,1019.0,47.0,0.86,59.0,0.0,1348
526,2023-09-01 12:00:00,28.4,1017.0,43.0,1.77,37.0,0.0,1349
527,2023-09-01 12:00:00,28.38,1017.0,43.0,2.05,39.0,0.0,1350
528,2023-09-01 12:00:00,28.29,1017.0,43.0,2.29,39.0,0.0,1351
529,2023-09-01 12:00:00,27.35,1018.0,43.0,0.27,112.0,0.0,1352
530,2023-09-01 12:00:00,20.05,1011.0,59.0,5.6,297.0,0.0,1353
531,2023-09-01 12:00:00,18.97,1012.0,91.0,2.84,223.0,0.23,1354
532,2023-09-01 13:00:00,31.3,1018.0,25.0,4.93,241.0,0.0,1367
533,2023-09-01 13:00:00,26.31,1018.0,35.0,1.57,104.0,0.0,1368
534,2023-09-01 13:00:00,29.04,1018.0,48.0,1.19,65.0,0.0,1369
535,2023-09-01 13:00:00,28.88,1017.0,42.0,1.81,45.0,0.0,1370
536,2023-09-01 13:00:00,28.87,1017.0,42.0,2.04,46.0,0.0,1371
537,2023-09-01 13:00:00,28.8,1017.0,42.0,2.4,43.0,0.0,1372
538,2023-09-01 13:00:00,27.79,1018.0,42.0,0.61,129.0,0.0,1373
539,2023-09-01 13:00:00,20.33,1011.0,55.0,5.35,294.0,0.0,1374
540,2023-09-01 13:00:00,20.36,1012.0,84.0,2.59,258.0,0.14,1375
541,2023-09-01 14:00:00,31.72,1017.0,24.0,4.97,245.0,0.0,1376
542,2023-09-01 14:00:00,26.35,1017.0,39.0,2.11,112.0,0.0,1377
543,2023-09-01 14:00:00,29.13,1018.0,43.0,1.61,55.0,0.0,1378
544,2023-09-01 14:00:00,29.14,1017.0,41.0,1.48,50.0,0.0,1379
545,2023-09-01 14:00:00,29.11,1017.0,41.0,1.59,54.0,0.0,1380
546,2023-09-01 14:00:00,29.04,1017.0,41.0,2.13,48.0,0.0,1381
547,2023-09-01 14:00:00,28.02,1017.0,42.0,1.03,164.0,0.0,1382
548,2023-09-01 14:00:00,20.33,1011.0,54.0,5.27,288.0,0.0,1383
549,2023-09-01 14:00:00,20.84,1012.0,81.0,2.87,266.0,0.0,1384
550,2023-09-01 15:00:00,31.54,1016.0,25.0,4.09,256.0,0.0,1385
551,2023-09-01 15:00:00,26.0100000000001,1017.0,45.0,2.97,114.0,0.0,1386
552,2023-09-01 15:00:00,28.49,1018.0,47.0,2.15,49.0,0.0,1387
553,2023-09-01 15:00:00,28.81,1017.0,43.0,1.45,52.0,0.0,1388
554,2023-09-01 15:00:00,28.8,1017.0,42.0,1.49,62.0,0.0,1389
555,2023-09-01 15:00:00,28.7,1017.0,42.0,2.04,55.0,0.0,1390
556,2023-09-01 15:00:00,27.72,1017.0,42.0,1.35,173.0,0.0,1391
557,2023-09-01 15:00:00,20.14,1011.0,57.0,5.18,284.0,0.0,1392
558,2023-09-01 15:00:00,21.29,1012.0,78.0,1.43,256.0,0.0,1393
559,2023-09-01 16:00:00,31.5,1015.0,25.0,5.7,265.0,0.0,1417
560,2023-09-01 16:00:00,25.04,1017.0,56.0,2.69,111.0,0.0,1418
561,2023-09-01 16:00:00,28.04,1018.0,48.0,2.49,50.0,0.0,1419
562,2023-09-01 16:00:00,28.5100000000001,1017.0,43.0,1.77,75.0,0.0,1420
563,2023-09-01 16:00:00,28.48,1017.0,44.0,1.82,84.0,0.0,1421
564,2023-09-01 16:00:00,28.36,1017.0,44.0,1.9,71.0,0.0,1422
565,2023-09-01 16:00:00,27.17,1017.0,44.0,1.85,158.0,0.0,1423
566,2023-09-01 16:00:00,19.5100000000001,1011.0,61.0,4.35,284.0,0.0,1424
567,2023-09-01 16:00:00,21.11,1012.0,79.0,1.91,214.0,0.0,1425
568,2023-09-01 17:00:00,30.8200000000001,1014.0,26.0,4.38,258.0,0.0,1458
569,2023-09-01 17:00:00,24.02,1018.0,67.0,2.39,104.0,0.0,1459
570,2023-09-01 17:00:00,26.1,1018.0,55.0,2.66,53.0,0.0,1460
571,2023-09-01 17:00:00,26.37,1017.0,52.0,2.62,97.0,0.0,1461
572,2023-09-01 17:00:00,26.38,1017.0,52.0,2.62,102.0,0.0,1462
573,2023-09-01 17:00:00,26.24,1017.0,52.0,2.07,91.0,0.0,1463
574,2023-09-01 17:00:00,25.15,1017.0,52.0,2.65,140.0,0.0,1464
575,2023-09-01 17:00:00,18.15,1012.0,66.0,3.44,282.0,0.0,1465
576,2023-09-01 17:00:00,20.18,1013.0,83.0,2.36,210.0,0.19,1466
577,2023-09-01 18:00:00,29.9,1011.0,30.0,4.04,248.0,0.0,1512
578,2023-09-01 18:00:00,22.91,1018.0,69.0,1.74,128.0,0.0,1513
579,2023-09-01 18:00:00,24.39,1018.0,60.0,2.49,56.0,0.0,1514
580,2023-09-01 18:00:00,23.2,1017.0,61.0,3.2,118.0,0.0,1515
581,2023-09-01 18:00:00,23.14,1017.0,61.0,3.08,122.0,0.0,1516
582,2023-09-01 18:00:00,23.0100000000001,1017.0,61.0,2.43,121.0,0.0,1517
583,2023-09-01 18:00:00,21.98,1017.0,60.0,3.1,145.0,0.0,1518
584,2023-09-01 18:00:00,16.9,1012.0,71.0,3.1,270.0,0.0,1519
585,2023-09-01 18:00:00,18.71,1013.0,86.0,2.31,217.0,0.32,1520
586,2023-09-01 19:00:00,26.25,1012.0,48.0,9.67,127.0,0.21,1579
587,2023-09-01 19:00:00,22.04,1019.0,70.0,1.65,162.0,0.0,1580
588,2023-09-01 19:00:00,22.85,1019.0,66.0,2.14,63.0,0.0,1581
589,2023-09-01 19:00:00,22.89,1018.0,63.0,3.17,138.0,0.0,1582
590,2023-09-01 19:00:00,22.74,1018.0,64.0,3.16,146.0,0.0,1583
591,2023-09-01 19:00:00,22.11,1018.0,66.0,3.06,152.0,0.0,1584
592,2023-09-01 19:00:00,21.1,1018.0,65.0,2.9,162.0,0.0,1585
593,2023-09-01 19:00:00,16.17,1013.0,75.0,3.17,264.0,0.0,1586
594,2023-09-01 19:00:00,18.2600000000001,1014.0,92.0,2.15,209.0,0.35,1587
595,2023-09-01 20:00:00,25.19,1012.0,54.0,5.95,118.0,0.0,1596
596,2023-09-01 20:00:00,21.31,1019.0,69.0,1.56,203.0,0.0,1597
597,2023-09-01 20:00:00,22.18,1019.0,69.0,1.33,61.0,0.0,1598
598,2023-09-01 20:00:00,21.61,1018.0,69.0,2.6,151.0,0.0,1599
599,2023-09-01 20:00:00,21.5700000000001,1018.0,68.0,2.57,159.0,0.0,1600
600,2023-09-01 20:00:00,21.42,1018.0,68.0,2.68,166.0,0.0,1601
601,2023-09-01 20:00:00,20.41,1018.0,69.0,2.47,179.0,0.0,1602
602,2023-09-01 20:00:00,17.8,1014.0,93.0,2.06,193.0,0.0,1603
603,2023-09-01 20:00:00,15.17,1013.0,78.0,3.33,259.0,0.0,1604
604,2023-09-01 21:00:00,24.6,1016.0,50.0,5.5,121.0,0.0,1605
605,2023-09-01 21:00:00,20.49,1019.0,67.0,1.54,224.0,0.0,1606
606,2023-09-01 21:00:00,21.27,1019.0,73.0,0.44,14.0,0.0,1607
607,2023-09-01 21:00:00,20.79,1018.0,70.0,2.08,165.0,0.0,1608
608,2023-09-01 21:00:00,20.67,1018.0,70.0,2.09,176.0,0.0,1609
609,2023-09-01 21:00:00,20.5100000000001,1018.0,71.0,2.26,183.0,0.0,1610
610,2023-09-01 21:00:00,19.5700000000001,1018.0,71.0,2.3,194.0,0.0,1611
611,2023-09-01 21:00:00,14.4500000000001,1013.0,85.0,3.3,268.0,0.0,1612
612,2023-09-01 21:00:00,17.53,1015.0,95.0,2.05,180.0,0.0,1613
613,2023-09-01 22:00:00,23.75,1015.0,51.0,3.45,125.0,0.16,1619
614,2023-09-01 22:00:00,19.9,1019.0,66.0,1.61,237.0,0.0,1620
615,2023-09-01 22:00:00,20.4,1020.0,77.0,0.39,329.0,0.0,1621
616,2023-09-01 22:00:00,20.5100000000001,1019.0,71.0,1.88,196.0,0.0,1622
617,2023-09-01 22:00:00,20.4,1019.0,71.0,2.04,207.0,0.0,1623
618,2023-09-01 22:00:00,20.05,1019.0,73.0,2.32,212.0,0.0,1624
619,2023-09-01 22:00:00,19.0700000000001,1019.0,73.0,2.44,213.0,0.0,1625
620,2023-09-01 22:00:00,14.34,1014.0,89.0,3.29,284.0,0.0,1626
621,2023-09-01 22:00:00,17.18,1015.0,96.0,2.1,177.0,0.0,1627
622,2023-09-02 09:00:00,20.36,1016.0,73.0,7.26,158.0,0.48,1628
623,2023-09-02 09:00:00,24.88,1020.0,42.0,1.94,44.0,0.0,1629
624,2023-09-02 09:00:00,27.06,1021.0,61.0,1.4,73.0,0.0,1630
625,2023-09-02 09:00:00,26.08,1020.0,55.0,1.92,351.0,0.0,1631
626,2023-09-02 09:00:00,26.06,1020.0,55.0,2.14,343.0,0.0,1632
627,2023-09-02 09:00:00,25.96,1020.0,55.0,2.22,344.0,0.0,1633
628,2023-09-02 09:00:00,25.24,1020.0,54.0,1.89,350.0,0.0,1634
629,2023-09-02 09:00:00,19.28,1018.0,64.0,5.19,288.0,0.0,1635
630,2023-09-02 09:00:00,19.62,1019.0,89.0,1.27,328.0,0.0,1636
631,2023-09-05 05:00:00,17.9,1019.0,88.0,1.76,208.0,0.0,1646
632,2023-09-05 05:00:00,20.0,1020.0,70.0,1.57,295.0,0.0,1647
633,2023-09-05 05:00:00,20.17,1022.0,72.0,1.72,63.0,0.0,1648
634,2023-09-05 05:00:00,19.84,1021.0,64.0,0.32,108.0,0.0,1649
635,2023-09-05 05:00:00,19.7,1021.0,64.0,0.15,119.0,0.0,1650
636,2023-09-05 05:00:00,19.58,1021.0,64.0,0.31,197.0,0.0,1651
637,2023-09-05 05:00:00,18.43,1021.0,67.0,0.62,2.0,0.0,1652
638,2023-09-05 05:00:00,14.34,1024.0,90.0,2.4,229.0,0.0,1653
639,2023-09-05 05:00:00,15.46,1019.0,81.0,2.99,108.0,0.0,1654
640,2023-09-05 06:00:00,18.19,1019.0,87.0,1.4,231.0,0.0,1675
641,2023-09-05 06:00:00,21.5700000000001,1020.0,59.0,2.04,0.0,0.0,1676
642,2023-09-05 06:00:00,21.43,1023.0,67.0,1.62,73.0,0.0,1677
643,2023-09-05 06:00:00,21.37,1021.0,60.0,0.82,116.0,0.0,1678
644,2023-09-05 06:00:00,21.29,1021.0,60.0,0.75,114.0,0.0,1679
645,2023-09-05 06:00:00,21.15,1021.0,60.0,0.59,130.0,0.0,1680
646,2023-09-05 06:00:00,20.15,1021.0,61.0,0.95,53.0,0.0,1681
647,2023-09-05 06:00:00,16.25,1024.0,89.0,2.05,232.0,0.0,1682
648,2023-09-05 06:00:00,18.0700000000001,1019.0,72.0,2.99,113.0,0.0,1683
649,2023-09-05 07:00:00,20.05,1020.0,80.0,1.04,269.0,0.0,1687
650,2023-09-05 07:00:00,22.65,1020.0,52.0,5.4,30.0,0.0,1688
651,2023-09-05 07:00:00,22.6,1023.0,61.0,2.33,90.0,0.0,1689
652,2023-09-05 07:00:00,22.36,1021.0,56.0,3.75,94.0,0.0,1690
653,2023-09-05 07:00:00,22.29,1021.0,56.0,4.11,95.0,0.0,1691
654,2023-09-05 07:00:00,22.19,1021.0,56.0,4.02,97.0,0.0,1692
655,2023-09-05 07:00:00,21.21,1022.0,59.0,4.47,81.0,0.0,1693
656,2023-09-05 07:00:00,19.02,1024.0,73.0,2.15,245.0,0.0,1694
657,2023-09-05 07:00:00,20.3200000000001,1018.0,68.0,2.84,113.0,0.0,1695
658,2023-09-05 08:00:00,21.02,1020.0,76.0,1.0,285.0,0.0,1696
659,2023-09-05 08:00:00,22.8200000000001,1020.0,48.0,6.49,28.0,0.0,1697
660,2023-09-05 08:00:00,23.69,1023.0,54.0,2.8,108.0,0.0,1698
661,2023-09-05 08:00:00,23.53,1022.0,48.0,3.65,59.0,0.0,1699
662,2023-09-05 08:00:00,23.46,1022.0,49.0,3.86,64.0,0.0,1700
663,2023-09-05 08:00:00,23.38,1022.0,49.0,3.86,71.0,0.0,1701
664,2023-09-05 08:00:00,22.38,1022.0,49.0,4.75,61.0,0.0,1702
665,2023-09-05 08:00:00,21.05,1024.0,66.0,2.13,252.0,0.0,1703
666,2023-09-05 08:00:00,22.68,1018.0,64.0,3.46,122.0,0.0,1704
667,2023-09-05 09:00:00,22.43,1021.0,61.0,0.56,308.0,0.0,1705
668,2023-09-05 09:00:00,25.16,1023.0,47.0,3.11,93.0,0.0,1706
669,2023-09-05 09:00:00,23.3200000000001,1019.0,46.0,6.54,23.0,0.0,1707
670,2023-09-05 09:00:00,24.28,1022.0,47.0,4.65,28.0,0.0,1708
671,2023-09-05 09:00:00,24.21,1022.0,47.0,4.77,28.0,0.0,1709
672,2023-09-05 09:00:00,23.17,1022.0,48.0,5.04,34.0,0.0,1710
673,2023-09-05 09:00:00,24.16,1022.0,47.0,4.75,31.0,0.0,1711
674,2023-09-05 09:00:00,22.45,1023.0,61.0,2.24,246.0,0.0,1712
675,2023-09-05 09:00:00,25.05,1018.0,54.0,3.68,127.0,0.0,1713
676,2023-09-05 10:00:00,23.6,1020.0,58.0,0.19,60.0,0.0,1714
677,2023-09-05 10:00:00,23.59,1019.0,44.0,5.98,23.0,0.0,1715
678,2023-09-05 10:00:00,26.12,1023.0,45.0,4.25,83.0,0.0,1716
679,2023-09-05 10:00:00,25.25,1021.0,42.0,4.54,38.0,0.0,1717
680,2023-09-05 10:00:00,25.18,1021.0,41.0,4.54,32.0,0.0,1718
681,2023-09-05 10:00:00,25.0700000000001,1021.0,42.0,4.6,28.0,0.0,1719
682,2023-09-05 10:00:00,24.14,1022.0,42.0,4.74,33.0,0.0,1720
683,2023-09-05 10:00:00,27.08,1018.0,51.0,3.88,125.0,0.0,1721
684,2023-09-05 10:00:00,23.31,1023.0,56.0,2.42,242.0,0.0,1722
685,2023-09-05 11:00:00,24.5700000000001,1020.0,58.0,0.51,177.0,0.0,1723
686,2023-09-05 11:00:00,24.33,1019.0,42.0,6.02,29.0,0.0,1724
687,2023-09-05 11:00:00,26.5,1022.0,43.0,5.69,91.0,0.0,1725
688,2023-09-05 11:00:00,26.0100000000001,1020.0,39.0,7.51,64.0,0.0,1726
689,2023-09-05 11:00:00,25.95,1020.0,39.0,7.42,63.0,0.0,1727
690,2023-09-05 11:00:00,25.89,1020.0,39.0,7.42,62.0,0.0,1728
691,2023-09-05 11:00:00,24.87,1021.0,39.0,7.29,58.0,0.0,1729
692,2023-09-05 11:00:00,24.09,1023.0,55.0,2.55,238.0,0.0,1730
693,2023-09-05 11:00:00,27.95,1018.0,50.0,3.73,135.0,0.0,1731
694,2023-09-05 12:00:00,25.47,1019.0,56.0,1.15,210.0,0.0,1732
695,2023-09-05 12:00:00,24.71,1019.0,41.0,6.28,38.0,0.0,1733
696,2023-09-05 12:00:00,27.52,1021.0,39.0,6.19,84.0,0.0,1734
697,2023-09-05 12:00:00,26.31,1020.0,37.0,7.29,63.0,0.0,1735
698,2023-09-05 12:00:00,26.25,1020.0,37.0,7.19,62.0,0.0,1736
699,2023-09-05 12:00:00,26.18,1020.0,37.0,7.19,62.0,0.0,1737
700,2023-09-05 12:00:00,25.17,1020.0,38.0,6.95,58.0,0.0,1738
701,2023-09-05 12:00:00,24.37,1022.0,54.0,2.71,242.0,0.0,1739
702,2023-09-05 12:00:00,29.11,1017.0,49.0,3.56,133.0,0.0,1740
703,2023-09-05 13:00:00,26.22,1019.0,54.0,1.53,213.0,0.0,1741
704,2023-09-05 13:00:00,28.03,1020.0,33.0,6.44,85.0,0.0,1742
705,2023-09-05 13:00:00,24.79,1018.0,42.0,6.24,36.0,0.0,1743
706,2023-09-05 13:00:00,26.43,1019.0,38.0,7.18,65.0,0.0,1744
707,2023-09-05 13:00:00,26.29,1019.0,38.0,7.07,63.0,0.0,1745
708,2023-09-05 13:00:00,26.36,1019.0,38.0,7.07,64.0,0.0,1746
709,2023-09-05 13:00:00,29.9,1017.0,45.0,3.23,134.0,0.0,1747
710,2023-09-05 13:00:00,25.2600000000001,1020.0,38.0,6.82,61.0,0.0,1748
711,2023-09-05 13:00:00,24.72,1022.0,53.0,2.69,263.0,0.0,1749
712,2023-09-05 14:00:00,27.0700000000001,1019.0,50.0,1.47,222.0,0.0,1750
713,2023-09-05 14:00:00,24.44,1018.0,41.0,5.4,31.0,0.0,1751
714,2023-09-05 14:00:00,28.04,1020.0,33.0,6.61,91.0,0.0,1752
715,2023-09-05 14:00:00,26.43,1019.0,38.0,6.72,66.0,0.0,1753
716,2023-09-05 14:00:00,26.37,1019.0,38.0,6.57,66.0,0.0,1754
717,2023-09-05 14:00:00,26.29,1019.0,38.0,6.55,64.0,0.0,1755
718,2023-09-05 14:00:00,25.28,1020.0,39.0,6.44,63.0,0.0,1756
719,2023-09-05 14:00:00,24.2,1021.0,49.0,2.85,290.0,0.0,1757
720,2023-09-05 14:00:00,30.25,1017.0,47.0,3.08,139.0,0.0,1758
721,2023-09-05 15:00:00,27.5,1018.0,48.0,2.09,239.0,0.0,1759
722,2023-09-05 15:00:00,24.31,1018.0,42.0,4.92,40.0,0.0,1760
723,2023-09-05 15:00:00,27.14,1020.0,36.0,6.14,92.0,0.0,1761
724,2023-09-05 15:00:00,26.13,1019.0,39.0,6.77,72.0,0.0,1762
725,2023-09-05 15:00:00,26.06,1019.0,39.0,6.65,73.0,0.0,1763
726,2023-09-05 15:00:00,24.93,1019.0,40.0,6.56,73.0,0.0,1764
727,2023-09-05 15:00:00,25.98,1019.0,39.0,6.61,72.0,0.0,1765
728,2023-09-05 15:00:00,23.3200000000001,1021.0,59.0,3.28,303.0,0.0,1766
729,2023-09-05 15:00:00,30.14,1017.0,48.0,2.65,142.0,0.0,1767
730,2023-09-05 16:00:00,27.0,1018.0,49.0,1.9,234.0,0.0,1768
731,2023-09-05 16:00:00,23.97,1019.0,49.0,3.77,47.0,0.0,1769
732,2023-09-05 16:00:00,25.86,1020.0,32.0,5.62,94.0,0.0,1770
733,2023-09-05 16:00:00,25.55,1019.0,41.0,6.24,74.0,0.0,1771
734,2023-09-05 16:00:00,25.46,1019.0,41.0,6.14,75.0,0.0,1772
735,2023-09-05 16:00:00,25.34,1019.0,41.0,6.18,74.0,0.0,1773
736,2023-09-05 16:00:00,24.29,1019.0,42.0,5.88,73.0,0.0,1774
737,2023-09-05 16:00:00,21.13,1021.0,67.0,3.39,320.0,0.0,1775
738,2023-09-05 16:00:00,28.99,1016.0,50.0,2.18,127.0,0.0,1776
739,2023-09-05 17:00:00,26.5700000000001,1018.0,50.0,1.88,240.0,0.0,1777
740,2023-09-05 17:00:00,22.83,1019.0,58.0,2.31,44.0,0.0,1778
741,2023-09-05 17:00:00,24.2,1021.0,43.0,4.0,103.0,0.0,1779
742,2023-09-05 17:00:00,24.15,1020.0,45.0,4.63,70.0,0.0,1780
743,2023-09-05 17:00:00,24.0700000000001,1020.0,45.0,4.53,71.0,0.0,1781
744,2023-09-05 17:00:00,23.96,1020.0,45.0,4.56,69.0,0.0,1782
745,2023-09-05 17:00:00,22.89,1020.0,46.0,4.49,68.0,0.0,1783
746,2023-09-05 17:00:00,20.16,1021.0,72.0,2.53,332.0,0.0,1784
747,2023-09-05 17:00:00,26.98,1016.0,57.0,2.17,114.0,0.0,1785
748,2023-09-05 18:00:00,25.71,1018.0,55.0,1.34,245.0,0.0,1786
749,2023-09-05 18:00:00,21.7,1020.0,61.0,1.3,31.0,0.0,1787
750,2023-09-05 18:00:00,22.12,1022.0,49.0,3.49,91.0,0.0,1788
751,2023-09-05 18:00:00,21.46,1020.0,54.0,2.92,92.0,0.0,1789
752,2023-09-05 18:00:00,21.33,1020.0,54.0,2.95,95.0,0.0,1790
753,2023-09-05 18:00:00,21.16,1020.0,54.0,2.87,96.0,0.0,1791
754,2023-09-05 18:00:00,20.08,1020.0,55.0,2.8,83.0,0.0,1792
755,2023-09-05 18:00:00,17.96,1021.0,78.0,2.47,331.0,0.0,1793
756,2023-09-05 18:00:00,23.89,1017.0,70.0,2.13,129.0,0.0,1794
757,2023-09-05 19:00:00,24.54,1019.0,60.0,0.82,309.0,0.0,1795
758,2023-09-05 19:00:00,20.56,1021.0,63.0,0.85,342.0,0.0,1796
759,2023-09-05 19:00:00,20.84,1022.0,55.0,3.21,77.0,0.0,1797
760,2023-09-05 19:00:00,19.86,1021.0,58.0,1.47,91.0,0.0,1798
761,2023-09-05 19:00:00,19.68,1021.0,58.0,1.37,90.0,0.0,1799
762,2023-09-05 19:00:00,19.24,1021.0,60.0,1.26,108.0,0.0,1800
763,2023-09-05 19:00:00,18.45,1021.0,62.0,1.47,53.0,0.0,1801
764,2023-09-05 19:00:00,16.7,1022.0,83.0,2.06,315.0,0.0,1802
765,2023-09-05 19:00:00,22.4,1017.0,74.0,2.28,133.0,0.0,1803
766,2023-09-05 20:00:00,24.12,1019.0,59.0,1.07,1.0,0.0,1804
767,2023-09-05 20:00:00,19.68,1021.0,64.0,1.21,282.0,0.0,1805
768,2023-09-05 20:00:00,19.08,1023.0,63.0,2.71,82.0,0.0,1806
769,2023-09-05 20:00:00,18.75,1021.0,65.0,0.41,10.0,0.0,1807
770,2023-09-05 20:00:00,18.5700000000001,1021.0,65.0,0.39,352.0,0.0,1808
771,2023-09-05 20:00:00,18.39,1021.0,65.0,0.34,283.0,0.0,1809
772,2023-09-05 20:00:00,17.65,1021.0,66.0,0.97,350.0,0.0,1810
773,2023-09-05 20:00:00,15.91,1022.0,88.0,2.07,314.0,0.0,1811
774,2023-09-05 20:00:00,21.77,1017.0,66.0,2.25,140.0,0.0,1812
775,2023-09-05 21:00:00,23.34,1019.0,62.0,1.19,22.0,0.0,1813
776,2023-09-05 21:00:00,19.11,1021.0,64.0,1.38,282.0,0.0,1814
777,2023-09-05 21:00:00,18.85,1023.0,64.0,1.5,87.0,0.0,1815
778,2023-09-05 21:00:00,18.29,1021.0,67.0,0.82,292.0,0.0,1816
779,2023-09-05 21:00:00,18.12,1021.0,68.0,0.95,280.0,0.0,1817
780,2023-09-05 21:00:00,17.96,1021.0,68.0,1.14,265.0,0.0,1818
781,2023-09-05 21:00:00,16.64,1022.0,70.0,1.15,299.0,0.0,1819
782,2023-09-05 21:00:00,14.7000000000001,1022.0,89.0,1.94,322.0,0.0,1820
783,2023-09-05 21:00:00,20.34,1017.0,75.0,2.52,141.0,0.0,1821
784,2023-09-05 22:00:00,22.7,1020.0,63.0,1.74,72.0,0.0,1822
785,2023-09-05 22:00:00,18.55,1021.0,65.0,1.41,273.0,0.0,1823
786,2023-09-05 22:00:00,18.09,1023.0,68.0,1.1,27.0,0.0,1824
787,2023-09-05 22:00:00,18.54,1021.0,64.0,1.37,288.0,0.0,1825
788,2023-09-05 22:00:00,18.41,1021.0,64.0,1.49,275.0,0.0,1826
789,2023-09-05 22:00:00,18.28,1021.0,64.0,1.66,261.0,0.0,1827
790,2023-09-05 22:00:00,17.39,1022.0,67.0,1.56,286.0,0.0,1828
791,2023-09-05 22:00:00,14.68,1022.0,94.0,1.72,333.0,0.0,1829
792,2023-09-05 22:00:00,20.09,1018.0,69.0,2.74,144.0,0.0,1830
