id,timestamp,Battery_Voltage,Solar_Panel_Voltage,Temperature,Pressure,Humidity,GasResistance,Altitude,Ts_1,Ts_2,Ts_3,Us_1,Us_2,Us_3,W_vel,W_dir,deviceId
1,2023-07-30 18:02:15,4.130879741,0.0,29.62742615,1005.58,50.22343063,834.359,103.4343262,28.4299202,28.02635002,28.65796089,0.000338,0.004462,0.002557,88.63938536,134.9650667,54
2,2023-07-30 18:03:03,4.129286458,0.0,29.61829185,1005.59,50.22220993,810.891,103.2672424,28.4299202,27.99574089,28.63204002,0.000338,0.004522,0.002633,88.7227772,135.072409,78
3,2023-07-30 18:04:00,4.130879741,0.0,29.61514282,1005.61,50.22179794,790.087,103.0996628,28.45546913,27.95186996,28.58823967,0.000332,0.004522,0.002519,88.67977902,135.0114223,104
4,2023-07-30 18:04:56,4.129286458,0.0,29.61136246,1005.61,50.22129059,798.938,103.0996628,28.4299202,27.99497032,28.61615944,0.000338,0.004462,0.002614,88.64393411,135.0359116,128
5,2023-07-30 18:05:55,4.13247293,0.0,29.60317039,1005.62,50.23243332,782.784,103.0163727,28.44944,27.97669983,28.58016968,0.000338,0.004462,0.002633,88.74849117,134.9572845,153
6,2023-07-30 18:06:51,4.12609961,0.0,29.59750366,1005.64,50.25613785,773.843,102.9325867,28.4299202,27.97669983,28.68388939,0.000338,0.004402,0.002538,88.92575178,134.9895846,175
7,2023-07-30 18:07:38,4.130879741,0.0,29.58710861,1005.63,50.26698685,776.949,102.9325867,28.4299202,27.97669983,28.55423927,0.000332,0.004552,0.002576,88.85806816,134.9915316,199
8,2023-07-30 18:08:34,4.13247293,0.0,29.59246254,1005.66,50.24323273,772.96,102.6817245,28.45546913,28.05783081,28.63204002,0.000338,0.004462,0.002557,88.88282225,134.9833946,222
9,2023-07-30 18:09:33,4.129286458,0.0,29.58931351,1005.67,50.24281311,777.395,102.5979385,28.44944,28.03959084,28.58016968,0.000338,0.004522,0.002653,88.91161235,134.981773,246
10,2023-07-30 18:10:20,4.130879741,0.0,29.59309387,1005.68,50.23109055,773.843,102.5141449,28.4299202,28.02055931,28.60610008,0.000338,0.004552,0.002711,88.97576274,134.9736544,268
11,2023-07-30 18:11:17,4.13247293,0.0,29.58899879,1005.69,50.24277496,785.962,102.5141449,28.4299202,27.97592926,28.55423927,0.000338,0.004582,0.002672,88.81059446,135.0202014,293
12,2023-07-30 18:12:04,4.13247293,0.0,29.59718704,1005.7,50.23774719,774.728,102.3465729,28.4299202,27.95186996,28.55620003,0.000338,0.004582,0.002633,88.8671689,134.9726466,316
13,2023-07-30 18:12:59,4.12609961,0.0,29.59781837,1005.69,50.23783112,781.881,102.4303589,28.4299202,27.95186996,28.60610008,0.000338,0.004462,0.002576,88.80963087,135.0612608,341
14,2023-07-30 18:13:55,4.149991714,0.0,29.58805275,1005.7,50.25487518,783.689,102.263298,28.4299202,27.97669983,28.50848007,0.000338,0.004462,0.002576,89.04141112,135.0055258,364
15,2023-07-30 18:14:51,4.13247293,0.0,29.58584976,1005.71,50.27293396,771.64,102.263298,28.4299202,27.92704964,28.55423927,0.000338,0.004492,0.002711,89.04054132,134.8976229,388
16,2023-07-30 18:15:38,4.134066024,0.0,29.58805275,1005.71,50.24876404,776.504,102.263298,28.4299202,27.92629051,28.45442009,0.000338,0.004552,0.002653,89.16164498,135.0438161,409
17,2023-07-30 18:16:43,4.129286458,0.0,29.58679199,1005.69,50.26082611,775.171,102.4303589,28.4299202,27.97014999,28.52832031,0.000338,0.004582,0.002614,89.10606061,134.9990271,433
18,2023-07-30 18:17:30,4.130879741,0.0,29.58553123,1005.7,50.26066589,771.64,102.3465729,28.4299202,27.90222931,28.55423927,0.000338,0.004492,0.002614,89.05757363,135.0029234,456
19,2023-07-30 18:18:28,4.13247293,0.0,29.58868408,1005.73,50.27330399,773.401,102.179512,28.4299202,27.92127991,28.58626938,0.000332,0.004552,0.002633,89.14192436,134.9883147,478
20,2023-07-30 18:19:23,4.13247293,0.0,29.58773804,1005.75,50.26094437,772.96,101.9281616,28.4299202,27.92704964,28.58016968,0.000338,0.004582,0.002633,89.20202924,135.0184911,501
21,2023-07-30 18:20:18,4.13247293,0.0,29.58710861,1005.77,50.25475693,770.324,101.7605972,28.4299202,27.90222931,28.50629044,0.000332,0.004492,0.002692,89.12124655,134.9535666,524
22,2023-07-30 18:21:05,4.13247293,0.0,29.59088707,1005.76,50.26747894,769.012,101.9281616,28.44944,27.90222931,28.45245934,0.000332,0.004552,0.002653,89.14697181,135.0090888,548
23,2023-07-30 18:22:02,4.13247293,0.0,29.60506248,1005.78,50.23269272,780.979,101.6773224,28.4299202,27.92127991,28.4764595,0.000332,0.004432,0.002692,89.29296935,134.9549522,571
24,2023-07-30 18:23:12,4.13247293,0.0,29.59309387,1005.78,50.24943542,769.886,101.6773224,28.4299202,27.94532967,28.55620003,0.000338,0.004462,0.002614,89.38658568,135.1230239,595
25,2023-07-30 18:23:59,4.130879741,0.0,29.58773804,1005.77,50.27929306,757.406,101.8443756,28.4299202,27.90222931,28.45661926,0.000345,0.004552,0.002692,89.36219956,134.9313487,616
26,2023-07-30 18:24:57,4.129286458,0.0,29.58647728,1005.77,50.25466919,767.27,101.7605972,28.4299202,27.94532967,28.4764595,0.000338,0.004552,0.002653,89.1980113,135.0437983,638
27,2023-07-30 18:25:45,4.129286458,0.0,29.5940361,1005.76,50.24344635,763.38,101.8443756,28.4299202,27.90222931,28.52832031,0.000338,0.004582,0.002614,89.17173644,135.034076,656
28,2023-07-30 18:26:42,4.13247293,0.0,29.58584976,1005.76,50.26681519,761.235,101.8443756,28.4299202,27.94030952,28.55423927,0.000345,0.004492,0.002692,89.05959388,134.999024,662
29,2023-07-30 18:27:35,4.129286458,0.0,29.58269882,1005.73,50.24804688,771.64,102.095726,28.46895027,27.95111084,28.50238037,0.000338,0.004552,0.002711,89.2515232,135.0003257,667
30,2023-07-30 18:28:30,4.156359282,0.0,29.57797241,1005.73,50.22295761,776.059,102.095726,28.44944,27.95935059,28.47838974,0.000338,0.004582,0.002692,89.19396279,135.0366614,671
31,2023-07-30 18:29:17,4.130879741,0.0,29.58364296,1005.7,50.23594284,776.504,102.263298,28.44944,27.90222931,28.4764595,0.000338,0.004492,0.002711,89.20657655,134.9798877,676
32,2023-07-30 18:30:12,4.13247293,0.0,29.57891846,1005.69,50.21696472,770.762,102.4303589,28.44944,27.92127991,28.4764595,0.000338,0.004552,0.002672,89.32378001,134.9520524,681
33,2023-07-30 18:31:07,4.130879741,0.0,29.59120178,1005.71,50.18191528,779.183,102.263298,28.4299202,27.90222931,28.4764595,0.000338,0.004582,0.002711,89.37678908,134.977659,686
34,2023-07-30 18:32:02,4.129286458,0.0,29.58206749,1005.7,50.20516205,773.843,102.3465729,28.44944,27.90222931,28.4764595,0.000338,0.004492,0.002711,89.3833496,135.0116558,690
35,2023-07-30 18:32:50,4.127693081,0.0,29.58553123,1005.68,50.18117142,771.2,102.5141449,28.44944,27.90222931,28.4764595,0.000338,0.004552,0.002672,89.41719273,135.0158583,695
36,2023-07-30 18:33:46,4.13247293,0.0,29.58899879,1005.72,50.17551422,776.949,102.3465729,28.40439987,27.92704964,28.47838974,0.000338,0.004582,0.002711,89.29196634,135.0515305,699
37,2023-07-30 18:34:42,4.124506045,0.0,29.58112144,1005.72,50.17446518,774.285,102.179512,28.4299202,27.90222931,28.52832031,0.000338,0.004552,0.002692,89.35761209,135.0424246,704
38,2023-07-30 18:35:30,4.129286458,0.0,29.57954788,1005.73,50.16814804,773.401,102.095726,28.4299202,27.92704964,28.4764595,0.000338,0.004492,0.002731,89.38183213,135.0048554,709
39,2023-07-30 18:36:24,4.153175694,0.0,29.57104492,1005.75,50.20368958,769.449,102.01194,28.46895027,27.99419975,28.4764595,0.000338,0.004613,0.002672,89.56469191,135.0416803,713
40,2023-07-30 18:37:17,4.129286458,0.0,29.58269882,1005.76,50.18078613,783.689,101.9281616,28.4299202,27.92127991,28.4764595,0.000338,0.004582,0.002711,89.53537458,134.9970908,718
41,2023-07-30 18:38:12,4.129286458,0.0,29.58049393,1005.74,50.18661499,781.881,101.9281616,28.44944,27.90222931,28.4764595,0.000332,0.004492,0.002711,89.52230495,135.0656225,722
42,2023-07-30 18:39:32,4.130879741,0.0,29.58553123,1005.74,50.15060425,815.773,102.01194,28.4299202,27.90222931,28.50238037,0.000338,0.004522,0.002672,89.66316832,134.974826,726
43,2023-07-30 18:40:29,4.153175694,0.0,29.58112144,1005.76,50.16224289,803.677,101.9281616,28.46895027,27.92127991,28.45245934,0.000345,0.004582,0.002672,89.59762399,135.0949567,732
44,2023-07-30 18:41:17,4.130879741,0.0,29.57104492,1005.76,50.1853447,789.167,101.8443756,28.4299202,27.92629051,28.4764595,0.000345,0.004552,0.002672,89.63593629,134.9386594,736
45,2023-07-30 18:42:12,4.127693081,0.0,29.57545471,1005.77,50.16759872,785.507,101.8443756,28.4299202,27.90222931,28.4764595,0.000338,0.004613,0.002711,89.60154577,135.020024,740
46,2023-07-30 18:43:05,4.12609961,0.0,29.58049393,1005.76,50.17438507,785.507,101.7605972,28.4299202,27.92629051,28.4764595,0.000338,0.004582,0.002692,89.64103953,135.0871635,745
47,2023-07-30 18:43:54,4.13247293,0.0,29.58049393,1005.79,50.16827774,781.43,101.6773224,28.4299202,27.90222931,28.4764595,0.000338,0.004582,0.002672,89.62376644,134.9870842,749
48,2023-07-30 18:44:49,4.127693081,0.0,29.57135963,1005.78,50.17316055,780.529,101.593544,28.4299202,27.90222931,28.45442009,0.000338,0.004613,0.002711,89.58390616,134.9428238,754
49,2023-07-30 18:45:44,4.129286458,0.0,29.5729332,1005.8,50.15503693,782.784,101.5097656,28.4299202,27.90222931,28.4764595,0.000325,0.004613,0.002692,89.65926464,135.1032852,758
50,2023-07-30 18:46:41,4.130879741,0.0,29.57891846,1005.84,50.14971924,778.288,101.1751556,28.4299202,27.92127991,28.4764595,0.000332,0.004613,0.002692,89.72432119,134.9416214,763
51,2023-07-30 18:47:35,4.130879741,0.0,29.57135963,1005.84,50.15481949,774.285,101.1751556,28.4299202,27.90222931,28.45245934,0.000338,0.004613,0.002692,89.75156219,134.9693689,768
52,2023-07-30 18:48:22,4.13247293,0.0,29.56505966,1005.86,50.16010284,778.735,101.0913849,28.4299202,27.90222931,28.4764595,0.000338,0.004613,0.002692,89.78794043,134.9552014,772
53,2023-07-30 18:49:11,4.12609961,0.0,29.57797241,1005.87,50.14347839,785.962,101.0076065,28.4299202,27.92127991,28.4764595,0.000338,0.004492,0.002711,89.76929814,134.9284328,776
54,2023-07-30 18:49:58,4.130879741,0.0,29.5823822,1005.86,50.13184357,785.052,101.0076065,28.4299202,27.92127991,28.4764595,0.000338,0.004613,0.002692,89.82781835,134.9858257,781
55,2023-07-30 18:50:54,4.13247293,0.0,29.58427429,1005.87,50.12598801,789.167,100.9238281,28.4299202,27.92629051,28.45661926,0.000338,0.004613,0.002711,89.63951666,134.9163862,785
56,2023-07-30 18:51:50,4.153175694,0.0,29.57797241,1005.89,50.14347839,787.332,100.8400574,28.4299202,27.90222931,28.4764595,0.000332,0.004613,0.002692,89.89197336,134.9700606,789
57,2023-07-30 18:52:37,4.130879741,0.0,29.57734299,1005.91,50.14950562,776.504,100.6730194,28.4299202,27.97442055,28.45245934,0.000338,0.004613,0.002692,89.81472059,134.9478026,794
58,2023-07-30 18:53:55,4.146807346,0.0,29.59025955,1005.91,50.07789612,827.733,100.5059814,28.4299202,27.90222931,28.4764595,0.000338,0.004582,0.002711,89.9996217,135.0765283,799
59,2023-07-30 18:55:53,4.127693081,0.0,29.60222816,1005.95,50.05504608,850.062,100.3384399,28.4299202,27.92127991,28.45661926,0.000332,0.004613,0.002711,89.93287493,134.9806945,804
60,2023-07-30 18:56:49,4.130879741,0.0,29.59466934,1005.96,50.05404282,817.742,100.1714096,28.4299202,27.90222931,28.45245934,0.000338,0.004552,0.002711,90.17530796,135.001283,808
61,2023-07-30 18:57:47,4.12609961,0.0,29.58962631,1005.97,50.07780838,805.588,100.0038757,28.4299202,27.90222931,28.47838974,0.000338,0.004582,0.002692,90.13240043,135.042059,812
62,2023-07-30 18:58:34,4.127693081,0.0,29.58836746,1005.98,50.10819244,785.052,100.0038757,28.4299202,27.90222931,28.4764595,0.000338,0.004582,0.002731,90.12126961,134.9778427,817
63,2023-07-30 18:59:24,4.129286458,0.0,29.59214783,1006.0,50.0659256,802.725,99.83634186,28.4299202,27.92127991,28.4764595,0.000332,0.004582,0.002711,90.1990544,135.0279119,822
64,2023-07-30 19:00:12,4.124506045,0.0,29.5937233,1006.02,50.07835388,801.775,99.75257874,28.4299202,27.90222931,28.4764595,0.000345,0.004613,0.002711,90.18097019,135.0882457,827
65,2023-07-30 19:01:00,4.129286458,0.0,29.59781837,1006.04,50.05446243,795.654,99.50179291,28.46895027,27.92127991,28.4764595,0.000345,0.004552,0.002711,90.18088885,135.0420364,831
66,2023-07-30 19:01:56,4.13247293,0.0,29.59435081,1006.05,50.05400085,806.547,99.33426666,28.44944,27.95935059,28.45245934,0.000345,0.004582,0.002692,90.23008411,135.1295731,836
67,2023-07-30 19:02:52,4.130879741,0.0,29.58836746,1006.1,50.08374786,784.597,99.08348846,28.40439987,27.92127991,28.4764595,0.000338,0.004522,0.002731,90.11724585,134.9572902,841
68,2023-07-30 19:03:40,4.13247293,0.0,29.58332825,1006.09,50.08919144,787.332,98.99973297,28.44944,27.90222931,28.45661926,0.000345,0.004613,0.002771,90.07734753,135.0417648,845
69,2023-07-30 19:04:43,4.13247293,0.0,29.57545471,1006.12,50.0881424,781.881,98.83221436,28.44944,27.96437073,28.45661926,0.000338,0.004613,0.002711,90.1662235,135.0205388,850
70,2023-07-30 19:05:39,4.154767537,0.0,29.58175278,1006.11,50.08287811,774.728,98.91597748,28.4299202,27.92629051,28.4764595,0.000345,0.004613,0.002692,90.30463951,135.0480681,855
71,2023-07-30 19:06:27,4.13247293,0.0,29.57923317,1006.1,50.07032013,778.735,98.99973297,28.4299202,27.90222931,28.4764595,0.000338,0.004582,0.002692,90.15308655,135.0166906,859
72,2023-07-30 19:07:24,4.13247293,0.0,29.58710861,1006.1,50.06525803,783.237,99.08348846,28.4299202,27.90222931,28.45245934,0.000338,0.004582,0.002711,90.16478819,134.919441,863
73,2023-07-30 19:08:11,4.130879741,0.0,29.58521652,1006.09,50.06500626,775.171,99.08348846,28.44944,27.90222931,28.4764595,0.000338,0.004613,0.002711,90.21270352,134.9640724,868
74,2023-07-30 19:09:07,4.13247293,0.0,29.57387924,1006.11,50.08793259,789.167,98.91597748,28.40439987,27.90222931,28.4764595,0.000338,0.004613,0.002711,90.34703749,135.0192181,873
75,2023-07-30 19:10:03,4.129286458,0.0,29.57639694,1006.13,50.08826828,778.288,98.66470337,28.4299202,27.94030952,28.43260956,0.000345,0.004613,0.002731,90.30817837,134.9490496,878
76,2023-07-30 19:10:57,4.13247293,0.0,29.57324791,1006.16,50.09395981,775.171,98.58145142,28.4299202,27.90222931,28.4764595,0.000338,0.004492,0.002692,90.32834698,134.9875058,881
77,2023-07-30 19:11:45,4.130879741,0.0,29.57262039,1006.18,50.0938797,780.979,98.33019257,28.44944,27.91550064,28.49629974,0.000345,0.004582,0.002711,90.32531645,135.0124941,883
78,2023-07-30 19:12:42,4.154767537,0.0,29.57135963,1006.2,50.09981537,770.762,98.07994843,28.4884491,27.90222931,28.42847061,0.000345,0.004582,0.002731,90.43643481,134.9907207,885
79,2023-07-30 19:13:38,4.13247293,0.0,29.57009888,1006.19,50.10577011,783.689,98.24643707,28.44944,27.94030952,28.4764595,0.000338,0.004582,0.002692,90.49350816,134.9852904,887
80,2023-07-30 19:14:33,4.13247293,0.0,29.56694984,1006.21,50.12979507,774.285,98.16319275,28.44944,27.90222931,28.4764595,0.000338,0.004582,0.002692,90.47230098,135.0243103,889
81,2023-07-30 19:15:22,4.13247293,0.0,29.56159401,1006.2,50.13519287,772.96,98.24643707,28.4299202,27.92127991,28.45245934,0.000345,0.004522,0.002692,90.47950843,135.102348,891
82,2023-07-30 19:17:03,4.129286458,0.0,29.56001854,1006.16,50.17776871,793.325,98.49769592,28.4299202,27.98340034,28.4764595,0.000338,0.004613,0.002692,90.43594358,134.9648011,893
83,2023-07-30 19:17:59,4.129286458,0.0,29.56537437,1006.17,50.17236328,786.419,98.49769592,28.4299202,27.90222931,28.4764595,0.000345,0.004613,0.002692,90.50517187,134.9395679,895
84,2023-07-30 19:18:55,4.13247293,0.0,29.5634861,1006.19,50.17211914,779.631,98.24643707,28.4299202,27.90222931,28.4764595,0.000345,0.004613,0.002692,90.43340179,135.0016015,897
85,2023-07-30 19:19:42,4.130879741,0.0,29.56380081,1006.22,50.17215729,777.841,98.07994843,28.4299202,27.94532967,28.45245934,0.000345,0.004552,0.002692,90.46586593,135.1007644,899
86,2023-07-30 19:20:36,4.13247293,0.0,29.56726456,1006.25,50.17873764,789.627,97.66119385,28.4299202,27.90222931,28.4764595,0.000345,0.004552,0.002731,90.56576948,134.9479172,901
87,2023-07-30 19:21:30,4.13247293,0.0,29.56316757,1006.29,50.17818832,782.784,97.49420929,28.44944,27.94532967,28.45245934,0.000345,0.004644,0.002692,90.75210611,135.0006379,903
88,2023-07-30 19:22:25,4.130879741,0.0,29.55970383,1006.31,50.17772293,779.183,97.24297333,28.44944,27.92127991,28.4764595,0.000345,0.004613,0.002692,90.50360694,135.0000002,905
89,2023-07-30 19:23:13,4.130879741,0.0,29.55781555,1006.33,50.1713562,781.881,97.15922546,28.4299202,27.90222931,28.4764595,0.000345,0.004552,0.002711,90.59911366,134.9415479,907
90,2023-07-30 19:25:03,4.130879741,0.0,29.55970383,1006.32,50.17772293,775.171,97.15922546,28.4299202,27.92127991,28.4764595,0.000345,0.004613,0.002692,90.5400125,135.0524188,909
91,2023-07-30 19:25:51,4.127693081,0.0,29.56001854,1006.3,50.17776871,780.979,97.32671356,28.4299202,27.94030952,28.45245934,0.000338,0.004644,0.002692,90.63294933,135.0555581,911
92,2023-07-30 19:26:47,4.124506045,0.0,29.5612793,1006.3,50.19015884,781.881,97.32671356,28.4299202,27.90222931,28.40862083,0.000338,0.004613,0.002731,90.64907157,134.9878696,913
93,2023-07-30 19:28:27,4.130879741,0.0,29.552145,1006.27,50.19506073,785.507,97.57744598,28.4299202,27.90222931,28.41276932,0.000345,0.004613,0.002692,90.7870213,135.069171,915
94,2023-07-30 19:29:25,4.127693081,0.0,29.56190872,1006.29,50.16579056,787.79,97.41046143,28.4299202,27.92127991,28.4764595,0.000345,0.004613,0.002711,90.60816434,134.9811582,917
95,2023-07-30 19:30:20,4.13247293,0.0,29.55813026,1006.3,50.18974304,776.059,97.32671356,28.4299202,27.90222931,28.45661926,0.000338,0.004644,0.002692,90.76325177,135.0503777,919
96,2023-07-30 19:31:16,4.124506045,0.0,29.56474304,1006.33,50.16617203,769.449,97.15922546,28.4299202,27.92127991,28.45245934,0.000345,0.004644,0.002692,90.79099608,135.0041417,921
97,2023-07-30 19:32:08,4.129286458,0.0,29.56254005,1006.34,50.16588211,772.079,96.99224854,28.44944,27.90222931,28.45245934,0.000345,0.004644,0.002692,90.80014397,135.0646981,923
98,2023-07-30 19:32:56,4.12609961,0.0,29.56726456,1006.33,50.15428162,781.881,97.07548523,28.4299202,27.92127991,28.45245934,0.000338,0.004613,0.002692,90.95413506,135.0063637,925
99,2023-07-30 19:33:43,4.13247293,0.0,29.57135963,1006.31,50.12425995,788.248,97.15922546,28.4299202,27.92127991,28.45245934,0.000345,0.004582,0.002711,90.89560426,134.9356881,927
100,2023-07-30 19:34:36,4.130879741,0.0,29.57703018,1006.33,50.10057831,788.707,97.07548523,28.4299202,27.94458008,28.4764595,0.000345,0.004644,0.002692,90.92741777,134.9385746,929
101,2023-07-30 19:35:24,4.124506045,0.0,29.56726456,1006.3,50.12983704,790.087,97.24297333,28.46895027,27.92127991,28.4764595,0.000332,0.004644,0.002672,90.86828728,135.0343922,931
102,2023-07-30 19:36:12,4.130879741,0.0,29.56726456,1006.3,50.1115036,788.248,97.41046143,28.4299202,27.91550064,28.4764595,0.000338,0.004613,0.002711,90.93192895,135.035008,933
103,2023-07-30 19:37:00,4.127693081,0.0,29.56883812,1006.3,50.13004303,791.009,97.32671356,28.48241997,27.92629051,28.45661926,0.000332,0.004644,0.002711,90.85010869,134.9636891,935
104,2023-07-30 19:37:56,4.129286458,0.0,29.55781555,1006.29,50.14079285,791.009,97.41046143,28.4299202,27.90222931,28.42847061,0.000345,0.004644,0.002692,91.00717686,135.0232139,937
105,2023-07-30 19:39:01,4.157950929,0.0,29.56663513,1006.32,50.1297493,766.402,97.15922546,28.4299202,27.90222931,28.4764595,0.000345,0.004613,0.002692,90.93496338,135.0375511,939
106,2023-07-30 19:39:55,4.130879741,0.0,29.57262039,1006.33,50.10609818,779.183,97.07548523,28.4299202,27.90222931,28.45245934,0.000345,0.004613,0.002692,90.95417583,135.0528148,941
107,2023-07-30 19:40:42,4.13247293,0.0,29.57356262,1006.36,50.09400177,776.059,96.90850067,28.44944,27.90222931,28.4764595,0.000345,0.004644,0.002692,91.03495407,134.9777476,943
108,2023-07-30 19:42:18,4.13247293,0.0,29.57356262,1006.38,50.09400177,789.627,96.7410202,28.44944,27.92704964,28.4764595,0.000345,0.004552,0.002711,91.2552064,135.0577154,945
109,2023-07-30 19:43:13,4.13247293,0.0,29.5729332,1006.42,50.08781052,780.979,96.3228302,28.4299202,27.90222931,28.4764595,0.000345,0.004644,0.002711,91.19611369,134.9419297,947
110,2023-07-30 19:44:04,4.129286458,0.0,29.57703018,1006.42,50.05170059,790.087,96.3228302,28.44944,27.95935059,28.4764595,0.000338,0.004613,0.002692,91.12434589,135.0034923,949
111,2023-07-30 19:44:51,4.13247293,0.0,29.56694984,1006.42,50.10534668,794.721,96.3228302,28.40439987,27.90222931,28.45245934,0.000345,0.004613,0.002731,91.18243489,134.979054,951
112,2023-07-30 19:45:45,4.129286458,0.0,29.56254005,1006.41,50.08643341,791.934,96.40657043,28.44944,27.92127991,28.4764595,0.000352,0.004674,0.002711,91.30012024,134.9781296,953
113,2023-07-30 19:46:35,4.129286458,0.0,29.56631851,1006.43,50.09915161,790.548,96.2390976,28.4299202,27.90222931,28.45245934,0.000352,0.004644,0.002692,91.27233779,134.9816111,955
114,2023-07-30 19:47:22,4.13247293,0.0,29.56254005,1006.45,50.11087418,788.707,96.15535736,28.44944,27.87739944,28.4764595,0.000352,0.004613,0.002711,91.27488543,135.0434375,957
115,2023-07-30 19:48:18,4.130879741,0.0,29.56505966,1006.45,50.10509872,799.881,96.15535736,28.4299202,27.92629051,28.4764595,0.000338,0.004582,0.002711,91.32941042,135.0148917,959
116,2023-07-30 19:49:05,4.13247293,0.0,29.56442833,1006.44,50.11111832,784.597,96.07162476,28.4299202,27.94532967,28.4764595,0.000345,0.004613,0.002692,91.44611721,135.0512665,961
117,2023-07-30 19:50:01,4.13247293,0.0,29.57797241,1006.43,50.07015228,796.122,96.2390976,28.4299202,27.92127991,28.4764595,0.000358,0.004613,0.002731,91.14657076,134.990793,963
118,2023-07-30 19:50:57,4.13247293,0.0,29.57639694,1006.43,50.08215714,787.79,96.2390976,28.40439987,27.90222931,28.43260956,0.000352,0.004644,0.002751,91.37739335,134.9816323,965
119,2023-07-30 19:51:44,4.151583753,0.0,29.56096458,1006.43,50.10455322,781.43,96.3228302,28.44342041,27.92629051,28.4764595,0.000352,0.004613,0.002711,91.31122593,135.0053884,967
120,2023-07-30 19:52:31,4.130879741,0.0,29.56915283,1006.44,50.08119583,787.332,96.2390976,28.4299202,27.94030952,28.40253067,0.000352,0.004644,0.002692,91.47385975,135.0098063,969
121,2023-07-30 19:53:18,4.13247293,0.0,29.56757736,1006.45,50.06877518,792.861,96.07162476,28.4884491,27.90222931,28.4764595,0.000352,0.004613,0.002692,91.40466618,135.0101316,971
122,2023-07-30 19:54:12,4.13247293,0.0,29.5634861,1006.44,50.08044815,801.775,96.15535736,28.4299202,27.90222931,28.4764595,0.000352,0.004613,0.002692,91.28799185,134.9889052,973
123,2023-07-30 19:55:08,4.127693081,0.0,29.55466652,1006.45,50.10372162,793.325,96.07162476,28.4299202,27.90147018,28.4764595,0.000352,0.004613,0.002692,91.46075019,135.0427147,975
124,2023-07-30 19:55:57,4.129286458,0.0,29.55498123,1006.44,50.12209702,785.962,96.2390976,28.4299202,27.90222931,28.4764595,0.000345,0.004644,0.002711,91.52236464,135.0357304,977
125,2023-07-30 19:56:55,4.13247293,0.0,29.56442833,1006.44,50.11722565,777.395,96.2390976,28.4299202,27.92629051,28.4764595,0.000352,0.004613,0.002711,91.37689128,135.0224849,979
126,2023-07-30 19:57:42,4.129286458,0.0,29.56411362,1006.45,50.09886169,791.009,96.15535736,28.4299202,27.90222931,28.4764595,0.000352,0.004644,0.002692,91.64356943,134.9826334,981
127,2023-07-30 19:58:29,4.137251928,0.0,29.57041359,1006.44,50.09357834,797.997,96.07162476,28.4299202,27.90222931,28.4764595,0.000352,0.004644,0.002711,91.50620247,135.0363683,983
128,2023-07-30 19:59:16,4.129286458,0.0,29.57356262,1006.44,50.07567215,794.255,96.2390976,28.4299202,27.92629051,28.4764595,0.000345,0.004613,0.002672,91.64457445,135.0053697,985
129,2023-07-30 20:00:31,4.13247293,0.0,29.57356262,1006.44,50.08178329,799.41,96.2390976,28.4299202,27.87163925,28.45245934,0.000352,0.004552,0.002711,91.62437244,134.9883142,987
130,2023-07-30 20:01:19,4.13247293,0.0,29.54931068,1006.43,50.14577866,769.012,96.3228302,28.44944,27.96939087,28.45245934,0.000352,0.004674,0.002711,91.68754931,135.0549199,989
131,2023-07-30 20:02:15,4.127693081,0.0,29.54521561,1006.39,50.13912201,770.324,96.57353973,28.4299202,27.90222931,28.45245934,0.000352,0.004644,0.002692,91.76699527,135.1169949,991
132,2023-07-30 20:03:10,4.127693081,0.0,29.55309105,1006.4,50.10961914,780.529,96.57353973,28.44944,27.92127991,28.4764595,0.000352,0.004705,0.002711,91.84814332,135.0422207,993
133,2023-07-30 20:03:57,4.156359282,0.0,29.55686951,1006.39,50.11621857,776.504,96.57353973,28.42391014,27.92629051,28.45245934,0.000352,0.004644,0.002692,91.83198396,134.9571427,995
134,2023-07-30 20:04:52,4.122912387,0.0,29.55277443,1006.4,50.13401794,779.183,96.49031067,28.4299202,27.92127991,28.45245934,0.000352,0.004644,0.002692,91.93701284,135.0050365,997
135,2023-07-30 20:05:46,4.13247293,0.0,29.54710388,1006.42,50.14548874,784.597,96.40657043,28.4299202,27.90222931,28.4764595,0.000352,0.004674,0.002692,91.92290294,134.9515183,999
136,2023-07-30 20:06:34,4.13247293,0.0,29.55151367,1006.43,50.12774277,780.529,96.2390976,28.4299202,27.87739944,28.45245934,0.000352,0.004644,0.002711,91.72954064,135.0905418,1001
137,2023-08-18 09:31:11,3.481732742,3.433517206,25.17620659,1020.9,61.38773727,1275.894,-24.0043354,0.0,0.0,0.0,0.0,0.0,0.0,1663.060187,-44.70277475,1003
138,2023-08-18 09:32:00,3.484964551,3.192151672,24.7191925,1020.9,61.61555481,1285.578,-24.0043354,0.0,0.0,0.0,0.0,0.0,0.0,1643.635718,-44.84670089,1005
139,2023-08-18 09:32:49,3.486580413,3.218105786,24.6842308,1020.87,62.54699326,1283.144,-23.75650978,0.0,0.0,0.0,0.0,0.0,0.0,1653.135826,-45.38491018,1007
140,2023-08-18 09:33:40,3.483348661,3.446393955,24.53493881,1020.86,62.49848175,1292.938,-23.83878326,0.0,0.0,0.0,0.0,0.0,0.0,1659.091326,-44.9735386,1009
141,2023-08-18 09:34:38,3.463955771,2.839401203,24.51383591,1020.84,62.87099457,1290.476,-23.42539597,0.0,0.0,0.0,0.0,0.0,0.0,1653.104778,-45.131542,1011
142,2023-08-18 09:35:36,3.457490585,2.799919904,24.24139023,1020.82,63.60224152,1304.138,-23.42539597,0.0,0.0,0.0,0.0,0.0,0.0,1645.233431,-45.13517736,1013
143,2023-08-18 09:36:35,3.45587422,2.795529381,24.22091866,1020.82,64.02231598,1302.884,-23.34311676,0.0,0.0,0.0,0.0,0.0,0.0,1664.531064,-44.94878322,1015
144,2023-08-18 09:37:24,3.457490585,2.79113811,24.23887253,1020.81,63.74500275,1286.799,-23.42539597,0.0,0.0,0.0,0.0,0.0,0.0,1671.035454,-45.12021882,1017
145,2023-09-01 08:03:11,3.468804372,2.821861362,28.49853897,1013.49,51.86386871,1446.104,37.35790634,0.0,0.0,0.0,0.0,0.0,0.0,2851.531567,-44.99058247,1019
146,2023-09-01 08:04:13,3.486580413,2.979302562,28.95305252,1013.48,52.21560669,1443.024,37.44116974,0.0,0.0,0.0,0.0,0.0,0.0,2856.518421,-44.99181431,1021
147,2023-09-01 08:05:17,3.486580413,2.95312669,29.36378479,1013.47,51.63019943,1436.903,37.5239296,0.0,0.0,0.0,0.0,0.0,0.0,2862.124429,-44.98411335,1023
148,2023-09-01 08:09:29,3.465571999,2.777959806,29.7701149,1013.44,49.72325134,1446.104,37.77322388,0.0,0.0,0.0,0.0,0.0,0.0,2863.728949,-44.998204,1025
149,2023-09-01 08:10:33,3.463955771,2.782353324,30.04099655,1013.46,48.56074905,1474.428,37.68995667,0.0,0.0,0.0,0.0,0.0,0.0,2861.38424,-45.00062919,1027
150,2023-09-01 08:11:36,3.465571999,2.769170515,30.3739357,1013.45,47.00332642,1469.631,37.68995667,0.0,0.0,0.0,0.0,0.0,0.0,2862.24344,-44.99721818,1029
151,2023-09-01 08:12:38,3.467188199,2.73838419,30.07848167,1013.41,48.19610214,1492.29,38.02302933,0.0,0.0,0.0,0.0,0.0,0.0,2861.640437,-45.00472159,1031
152,2023-09-01 08:13:41,3.465571999,2.751582877,29.79279137,1013.41,46.79749298,1497.237,38.10630035,0.0,0.0,0.0,0.0,0.0,0.0,2864.750256,-44.99551152,1033
153,2023-09-01 10:03:42,3.468804372,2.773565537,37.95687866,1013.4,30.10246468,1616.945,38.18906784,0.0,0.0,0.0,0.0,0.0,0.0,2889.830786,-44.99948664,1035
154,2023-09-01 10:04:44,3.475268782,2.769170515,37.86521149,1013.39,30.30843353,1619.844,38.27233887,0.0,0.0,0.0,0.0,0.0,0.0,2888.691359,-44.98304048,1037
155,2023-09-01 10:05:47,3.475268782,2.769170515,37.80441284,1013.41,29.35387993,1631.547,38.10630035,0.0,0.0,0.0,0.0,0.0,0.0,2891.310086,-45.00298658,1039
156,2023-09-01 10:06:50,3.472036633,2.760378208,37.61698151,1013.39,31.64982033,1625.674,38.10630035,0.0,0.0,0.0,0.0,0.0,0.0,2889.454971,-45.00427562,1041
157,2023-09-01 10:07:52,3.470420516,2.742784513,37.43427658,1013.37,29.23844719,1643.42,38.35560989,0.0,0.0,0.0,0.0,0.0,0.0,2887.509905,-44.99717059,1043
158,2023-09-01 10:08:55,3.472036633,2.742784513,37.26196671,1013.39,34.95543671,1571.925,38.18906784,0.0,0.0,0.0,0.0,0.0,0.0,2887.569994,-45.00610417,1045
159,2023-09-01 10:09:57,3.468804372,2.747184075,37.31678009,1013.35,29.40806198,1615.981,38.52215576,0.0,0.0,0.0,0.0,0.0,0.0,2886.080236,-45.01388706,1047
160,2023-09-01 10:11:02,3.473652722,2.725178645,37.02759933,1013.32,29.17455101,1644.417,38.77147293,0.0,0.0,0.0,0.0,0.0,0.0,2884.502109,-44.99834381,1049
161,2023-09-01 10:12:04,3.468804372,2.73838419,37.03894043,1013.31,31.50552368,1618.876,38.77147293,0.0,0.0,0.0,0.0,0.0,0.0,2884.13562,-45.00530893,1051
162,2023-09-01 10:13:07,3.468804372,2.716371124,36.6599884,1013.25,29.8295269,1672.839,39.43719482,0.0,0.0,0.0,0.0,0.0,0.0,2884.73811,-45.00513638,1053
163,2023-09-01 10:14:10,3.468804372,2.729581258,36.69999313,1013.25,31.5671711,1626.65,39.43719482,0.0,0.0,0.0,0.0,0.0,0.0,2882.908895,-44.99299401,1055
164,2023-09-01 10:15:12,3.467188199,2.720775268,36.42184448,1013.23,32.96341324,1619.844,39.52047729,0.0,0.0,0.0,0.0,0.0,0.0,2879.397861,-44.99597405,1057
165,2023-09-01 10:16:15,3.467188199,2.720775268,36.16983795,1013.2,32.86591339,1620.813,39.76982117,0.0,0.0,0.0,0.0,0.0,0.0,2883.538806,-44.98057815,1059
166,2023-09-01 10:17:17,3.467188199,2.729581258,35.91594696,1013.23,33.85305405,1629.585,39.52047729,0.0,0.0,0.0,0.0,0.0,0.0,2879.676678,-44.99309263,1061
167,2023-09-01 10:18:20,3.463955771,2.711966211,35.8176651,1013.21,32.16944504,1635.485,39.68704224,0.0,0.0,0.0,0.0,0.0,0.0,2879.801989,-44.99974932,1063
168,2023-09-01 10:19:22,3.465571999,2.716371124,36.0693512,1013.25,35.48764801,1606.401,39.43719482,0.0,0.0,0.0,0.0,0.0,0.0,2881.58633,-44.99786844,1065
169,2023-09-01 10:20:25,3.465571999,2.711966211,36.36577225,1013.24,30.4878006,1651.432,39.43719482,0.0,0.0,0.0,0.0,0.0,0.0,2880.069301,-44.98683618,1067
170,2023-09-01 10:21:28,3.463955771,2.711966211,36.61682892,1013.27,33.67142487,1619.844,39.18735504,0.0,0.0,0.0,0.0,0.0,0.0,2881.94092,-45.00226868,1069
171,2023-09-01 10:22:32,3.463955771,2.70756053,37.11517334,1013.3,36.31602097,1557.471,38.93802643,0.0,0.0,0.0,0.0,0.0,0.0,2881.703721,-44.9979715,1071
172,2023-09-01 10:23:34,3.463955771,2.716371124,36.81087494,1013.25,30.66127396,1615.981,39.35391617,0.0,0.0,0.0,0.0,0.0,0.0,2882.867443,-45.00184594,1073
173,2023-09-01 10:24:37,3.463955771,2.711966211,36.92837524,1013.26,30.86511803,1632.53,39.2706337,0.0,0.0,0.0,0.0,0.0,0.0,2884.72705,-45.00045951,1075
174,2023-09-01 10:26:42,3.463955771,2.698746857,36.69086075,1013.22,32.86166382,1618.876,39.60375977,0.0,0.0,0.0,0.0,0.0,0.0,2884.800076,-44.99784339,1077
175,2023-09-01 10:27:44,3.463955771,2.698746857,36.82883072,1013.25,36.85103607,1545.921,39.43719482,0.0,0.0,0.0,0.0,0.0,0.0,2886.826619,-45.00143225,1079
176,2023-09-01 10:28:47,3.463955771,2.694338862,36.74661636,1013.22,34.47232819,1543.28,39.60375977,0.0,0.0,0.0,0.0,0.0,0.0,2889.006814,-44.99598402,1081
177,2023-09-01 10:29:50,3.463955771,2.676699133,36.53713608,1013.21,29.8785038,1625.674,39.76982117,0.0,0.0,0.0,0.0,0.0,0.0,2885.486464,-44.99959899,1083
178,2023-09-01 10:30:53,3.463955771,2.689930093,36.40766907,1013.19,33.51015854,1592.244,39.85310364,0.0,0.0,0.0,0.0,0.0,0.0,2885.990735,-44.99566794,1085
179,2023-09-01 10:31:55,3.463955771,2.698746857,36.25079727,1013.19,37.2118454,1562.86,39.93588257,0.0,0.0,0.0,0.0,0.0,0.0,2887.057778,-45.00281283,1087
180,2023-09-01 11:29:31,3.449408489,2.672287257,31.17998695,1013.05,41.0720787,1745.009,41.10092545,0.0,0.0,0.0,0.0,0.0,0.0,2860.965626,-44.99282619,1318
181,2023-09-01 11:36:51,3.451024962,2.716371124,31.83988571,1013.12,41.35222244,1725.015,40.43510056,0.0,0.0,0.0,0.0,0.0,0.0,2857.052896,-45.00848892,1319
185,2023-09-01 11:37:54,3.447791988,2.720775268,31.87453651,1013.11,41.05309296,1730.523,40.60167694,0.0,0.0,0.0,0.0,0.0,0.0,2862.758617,-45.00987824,1323
186,2023-09-01 11:38:56,3.451024962,2.711966211,31.96808815,1013.08,41.83464813,1715.189,40.7677536,0.0,0.0,0.0,0.0,0.0,0.0,2861.944481,-44.98973889,1324
187,2023-09-01 11:39:59,3.449408489,2.703154079,31.76397324,1013.08,40.33721924,1749.515,40.7677536,0.0,0.0,0.0,0.0,0.0,0.0,2858.512313,-45.00325961,1325
188,2023-09-01 11:41:02,3.447791988,2.698746857,31.62947464,1013.06,40.11338425,1768.929,40.93434143,0.0,0.0,0.0,0.0,0.0,0.0,2857.25468,-44.99627172,1326
189,2023-09-01 11:42:05,3.444558908,2.694338862,31.76554871,1013.07,39.8105545,1763.175,40.93434143,0.0,0.0,0.0,0.0,0.0,0.0,2856.762874,-44.99120563,1327
190,2023-09-01 11:43:09,3.449408489,2.694338862,31.64553833,1013.02,40.12677765,1765.472,41.26700974,0.0,0.0,0.0,0.0,0.0,0.0,2848.182109,-45.0958633,1328
191,2023-09-01 11:44:12,3.442942327,2.676699133,31.60112572,1013.06,42.30120468,1739.409,40.93434143,0.0,0.0,0.0,0.0,0.0,0.0,2860.068956,-44.99502346,1329
192,2023-09-01 11:45:15,3.446175461,2.672287257,31.5242672,1013.05,43.82362366,1707.624,41.01763153,0.0,0.0,0.0,0.0,0.0,0.0,2857.573038,-44.99189694,1330
193,2023-09-01 11:46:17,3.447791988,2.667874602,31.64207458,1013.04,45.13882065,1658.506,41.18421936,0.0,0.0,0.0,0.0,0.0,0.0,2861.912328,-44.99736302,1331
194,2023-09-01 11:47:20,3.447791988,2.676699133,31.64427757,1013.04,42.35322952,1679.058,41.01763153,0.0,0.0,0.0,0.0,0.0,0.0,2865.441507,-45.00897495,1332
195,2023-09-01 11:48:23,3.446175461,2.689930093,31.54789162,1013.06,42.30077744,1688.473,40.93434143,0.0,0.0,0.0,0.0,0.0,0.0,2862.401053,-45.00225307,1342
196,2023-09-01 11:49:25,3.442942327,2.676699133,31.51041031,1013.05,43.33157349,1675.943,41.10092545,0.0,0.0,0.0,0.0,0.0,0.0,2858.875875,-45.00071969,1343
197,2023-09-01 11:50:28,3.442942327,2.667874602,31.55797195,1013.06,43.39631271,1670.776,41.01763153,0.0,0.0,0.0,0.0,0.0,0.0,2864.211367,-45.01370992,1344
198,2023-09-01 11:51:30,3.446175461,2.68111023,31.53245926,1013.05,44.45291519,1664.619,41.01763153,0.0,0.0,0.0,0.0,0.0,0.0,2862.644818,-45.00450571,1345
211,2023-09-01 16:27:16,3.447791988,0.0,25.8735466,1012.15,65.65559387,560.748,48.50815964,0.0,0.0,0.0,0.0,0.0,0.0,2836.547484,-45.00755997,1394
212,2023-09-01 16:28:19,3.447791988,0.0,25.88425636,1012.11,63.77080917,598.428,48.8410759,0.0,0.0,0.0,0.0,0.0,0.0,2836.713534,-44.99833334,1395
213,2023-09-01 16:29:21,3.449408489,0.0,25.87953186,1012.11,64.12902832,680.224,48.8410759,0.0,0.0,0.0,0.0,0.0,0.0,2836.402792,-45.00056498,1396
214,2023-09-01 16:30:24,3.454257828,0.0,25.8760643,1012.11,64.71721649,744.579,48.8410759,0.0,0.0,0.0,0.0,0.0,0.0,2836.423001,-44.99503079,1397
215,2023-09-01 16:31:27,3.449408489,0.0,25.86220741,1012.12,64.64300537,806.067,48.75772095,0.0,0.0,0.0,0.0,0.0,0.0,2836.92087,-44.97975693,1398
216,2023-09-01 16:32:30,3.447791988,0.0,25.86063194,1012.13,63.94981003,882.736,48.674366,0.0,0.0,0.0,0.0,0.0,0.0,2836.74186,-45.00610196,1399
217,2023-09-01 16:33:33,3.446175461,0.0,25.86693192,1012.14,64.24468994,946.89,48.59101105,0.0,0.0,0.0,0.0,0.0,0.0,2836.165085,-45.00455126,1400
218,2023-09-01 16:34:35,3.447791988,0.0,25.8571682,1012.15,64.64221191,979.046,48.50815964,0.0,0.0,0.0,0.0,0.0,0.0,2836.416613,-44.99504124,1401
219,2023-09-01 16:35:38,3.442942327,0.0,25.85401917,1012.14,64.51079559,1025.738,48.674366,0.0,0.0,0.0,0.0,0.0,0.0,2837.007527,-45.00016392,1402
220,2023-09-01 16:36:40,3.44132572,0.0,25.85307312,1012.15,64.40597534,1058.593,48.59101105,0.0,0.0,0.0,0.0,0.0,0.0,2836.094126,-44.99746805,1403
221,2023-09-01 16:37:42,3.442942327,0.0,25.83858681,1012.15,64.69168091,1086.607,48.59101105,0.0,0.0,0.0,0.0,0.0,0.0,2837.203294,-44.99985712,1404
222,2023-09-01 16:38:44,3.447791988,0.0,25.82787514,1012.15,65.01772308,1101.626,48.50815964,0.0,0.0,0.0,0.0,0.0,0.0,2836.021105,-44.99635541,1405
223,2023-09-01 16:39:47,3.446175461,0.0,25.80740356,1012.17,66.17863464,1112.479,48.34145737,0.0,0.0,0.0,0.0,0.0,0.0,2834.823892,-45.00372648,1406
224,2023-09-01 16:40:49,3.442942327,0.0,25.78252029,1012.15,66.22741699,1112.479,48.50815964,0.0,0.0,0.0,0.0,0.0,0.0,2835.699138,-45.0001605,1407
225,2023-09-01 16:41:51,3.442942327,0.0,25.76488304,1012.14,66.31038666,1101.626,48.59101105,0.0,0.0,0.0,0.0,0.0,0.0,2835.158795,-45.00061407,1408
226,2023-09-01 16:42:53,3.44132572,0.0,25.73779678,1012.15,66.83457947,1125.415,48.59101105,0.0,0.0,0.0,0.0,0.0,0.0,2835.110285,-44.99985701,1409
228,2023-09-01 16:43:56,3.44132572,0.0,25.71354294,1012.16,67.1749115,1117.986,48.50815964,0.0,0.0,0.0,0.0,0.0,0.0,2834.512456,-44.99933006,1411
229,2023-09-01 16:44:58,3.44132572,0.0,25.68865967,1012.16,67.1841507,1114.309,48.50815964,0.0,0.0,0.0,0.0,0.0,0.0,2834.494503,-44.99794818,1412
231,2023-09-01 16:46:00,3.438092427,0.0,25.68960571,1012.16,66.36434937,1157.13,48.50815964,0.0,0.0,0.0,0.0,0.0,0.0,2835.245286,-45.00203393,1414
232,2023-09-01 16:47:03,3.444558908,0.0,25.67889786,1012.16,66.8780365,1189.64,48.4248085,0.0,0.0,0.0,0.0,0.0,0.0,2833.553822,-45.00036658,1415
234,2023-09-01 16:48:05,3.439709087,0.0,25.67511559,1012.17,67.0296402,1195.94,48.34145737,0.0,0.0,0.0,0.0,0.0,0.0,2834.245761,-45.02136508,1426
235,2023-09-01 16:49:08,3.44132572,0.0,25.68424988,1012.16,66.46911621,1204.444,48.4248085,0.0,0.0,0.0,0.0,0.0,0.0,2834.542666,-44.9997523,1427
236,2023-09-01 16:50:10,3.43324229,0.0,25.67921066,1012.17,66.6863327,1207.664,48.4248085,0.0,0.0,0.0,0.0,0.0,0.0,2835.057632,-45.00063503,1428
237,2023-09-01 16:51:12,3.438092427,0.0,25.66598129,1012.17,67.02156067,1205.516,48.34145737,0.0,0.0,0.0,0.0,0.0,0.0,2835.04486,-45.00258183,1429
238,2023-09-01 16:52:14,3.439709087,0.0,25.65558815,1012.15,66.95368958,1240.842,48.50815964,0.0,0.0,0.0,0.0,0.0,0.0,2834.027564,-45.02197401,1430
240,2023-09-01 16:53:16,3.439709087,0.0,25.65180969,1012.15,66.87368774,1225.135,48.50815964,0.0,0.0,0.0,0.0,0.0,0.0,2834.766402,-44.99764482,1432
241,2023-09-01 16:54:19,3.434859028,0.0,25.63385582,1012.15,67.26808167,1219.622,48.4248085,0.0,0.0,0.0,0.0,0.0,0.0,2834.565801,-45.00228566,1433
242,2023-09-01 16:55:21,3.436475741,0.0,25.6055088,1012.16,68.41967773,1218.525,48.4248085,0.0,0.0,0.0,0.0,0.0,0.0,2833.628055,-45.0016232,1434
243,2023-09-01 16:56:24,3.436475741,0.0,25.58283043,1012.18,68.64259338,1195.94,48.34145737,0.0,0.0,0.0,0.0,0.0,0.0,2833.974185,-45.00122163,1435
244,2023-09-01 16:57:26,3.434859028,0.0,25.54188538,1012.19,68.76930237,1205.516,48.25810242,0.0,0.0,0.0,0.0,0.0,0.0,2833.720586,-44.99860733,1436
245,2023-09-01 16:58:29,3.436475741,0.0,25.4981041,1012.18,68.84222412,1207.664,48.25810242,0.0,0.0,0.0,0.0,0.0,0.0,2832.56515,-44.99882676,1437
246,2023-09-01 16:59:31,3.438092427,0.0,25.46156693,1012.18,68.62277985,1209.821,48.25810242,0.0,0.0,0.0,0.0,0.0,0.0,2832.627298,-44.99932961,1438
247,2023-09-01 17:00:34,3.438092427,0.0,25.42314148,1012.18,68.75654602,1241.979,48.34145737,0.0,0.0,0.0,0.0,0.0,0.0,2832.693594,-45.00358961,1439
248,2023-09-01 17:01:36,3.436475741,0.0,25.39731407,1012.18,68.84574127,1252.31,48.25810242,0.0,0.0,0.0,0.0,0.0,0.0,2832.355058,-44.99727264,1440
249,2023-09-01 17:02:39,3.436475741,0.0,25.42912674,1012.16,68.35760498,1279.509,48.4248085,0.0,0.0,0.0,0.0,0.0,0.0,2831.321269,-44.98358767,1441
252,2023-09-01 17:03:42,3.434859028,0.0,25.46629143,1012.18,68.45690918,1281.929,48.25810242,0.0,0.0,0.0,0.0,0.0,0.0,2833.684515,-45.00478911,1444
254,2023-09-01 17:04:44,3.43324229,0.0,25.45999336,1012.18,68.78926086,1283.144,48.34145737,0.0,0.0,0.0,0.0,0.0,0.0,2833.27899,-45.00177701,1446
256,2023-09-01 17:05:46,3.428391917,0.0,25.44581985,1012.17,68.71356201,1241.979,48.34145737,0.0,0.0,0.0,0.0,0.0,0.0,2834.119721,-45.00393332,1448
257,2023-09-01 17:06:48,3.430008734,0.0,25.4165287,1012.17,69.24969482,1244.26,48.4248085,0.0,0.0,0.0,0.0,0.0,0.0,2833.060262,-44.99976264,1449
258,2023-09-01 17:07:53,3.43324229,0.0,25.38566208,1012.18,69.31817627,1260.465,48.25810242,0.0,0.0,0.0,0.0,0.0,0.0,2833.715252,-44.99350766,1450
259,2023-09-01 17:08:55,3.430008734,0.0,25.35290337,1012.17,70.06308746,1255.792,48.34145737,0.0,0.0,0.0,0.0,0.0,0.0,2832.149621,-44.9991444,1451
262,2023-09-01 17:09:57,3.423541312,0.0,25.31510735,1012.19,70.05682373,1251.154,48.17475128,0.0,0.0,0.0,0.0,0.0,0.0,2831.555596,-45.00402421,1454
264,2023-09-01 17:10:59,3.428391917,0.0,25.28392601,1012.19,70.21946716,1244.26,48.17475128,0.0,0.0,0.0,0.0,0.0,0.0,2832.049842,-44.99709073,1456
265,2023-09-01 17:12:01,3.428391917,0.0,25.24676132,1012.2,69.67010498,1248.848,48.17475128,0.0,0.0,0.0,0.0,0.0,0.0,2831.408335,-44.99769792,1457
266,2023-09-01 18:03:59,3.501121862,0.0,26.60490799,1012.13,60.83019638,670.121,48.75772095,0.0,0.0,0.0,0.0,0.0,0.0,2802.838197,-45.00620753,1467
267,2023-09-01 18:05:02,3.499506262,0.0,26.7075901,1012.14,60.1582756,703.558,48.59101105,0.0,0.0,0.0,0.0,0.0,0.0,2803.358671,-45.00092447,1468
268,2023-09-01 18:06:04,3.501121862,0.0,26.74664688,1012.16,60.40800858,752.359,48.4248085,0.0,0.0,0.0,0.0,0.0,0.0,2802.142988,-45.00266863,1469
269,2023-09-01 18:07:08,3.501121862,0.0,26.76680374,1012.18,59.89151764,798.467,48.25810242,0.0,0.0,0.0,0.0,0.0,0.0,2800.900025,-44.99868636,1470
270,2023-09-01 18:08:11,3.507583964,0.0,26.77436256,1012.2,59.45752335,832.821,48.09140396,0.0,0.0,0.0,0.0,0.0,0.0,2800.20552,-45.0012187,1471
271,2023-09-01 18:09:13,3.507583964,0.0,26.79546547,1012.2,59.71651459,863.057,48.09140396,0.0,0.0,0.0,0.0,0.0,0.0,2799.835568,-45.00243766,1472
272,2023-09-01 18:10:16,3.507583964,0.0,26.79956055,1012.2,59.36540222,883.311,48.17475128,0.0,0.0,0.0,0.0,0.0,0.0,2799.551411,-45.00048762,1473
273,2023-09-01 18:11:18,3.505968483,0.0,26.8241272,1012.22,59.7719841,902.13,48.00855637,0.0,0.0,0.0,0.0,0.0,0.0,2799.038869,-45.0040957,1474
274,2023-09-01 18:12:20,3.507583964,0.0,26.85468102,1012.2,59.48223495,914.922,48.09140396,0.0,0.0,0.0,0.0,0.0,0.0,2798.879004,-44.9996926,1475
275,2023-09-01 18:13:22,3.514045587,0.0,26.87798691,1012.21,60.06195068,927.446,47.92520905,0.0,0.0,0.0,0.0,0.0,0.0,2798.590879,-45.00086243,1476
276,2023-09-01 18:14:24,3.510814835,0.0,26.88838196,1012.21,59.23804855,940.319,48.00855637,0.0,0.0,0.0,0.0,0.0,0.0,2798.378548,-45.00460211,1477
277,2023-09-01 18:15:27,3.512430226,0.0,26.90003586,1012.24,59.84094238,946.229,47.84186172,0.0,0.0,0.0,0.0,0.0,0.0,2798.269953,-44.99929664,1478
278,2023-09-01 18:16:29,3.514045587,0.0,26.91578674,1012.25,59.98426437,956.245,47.75851059,0.0,0.0,0.0,0.0,0.0,0.0,2798.175695,-45.00117009,1479
279,2023-09-01 18:17:31,3.510814835,0.0,26.92680931,1012.25,59.51853561,962.357,47.75851059,0.0,0.0,0.0,0.0,0.0,0.0,2798.1189,-45.00188771,1480
280,2023-09-01 18:18:34,3.515660917,0.0,26.95263672,1012.25,59.67592621,965.787,47.67516708,0.0,0.0,0.0,0.0,0.0,0.0,2797.772424,-44.99889348,1481
281,2023-09-01 18:19:36,3.515660917,0.0,26.97122192,1012.25,60.06307983,971.326,47.67516708,0.0,0.0,0.0,0.0,0.0,0.0,2797.430781,-45.00057992,1482
282,2023-09-01 18:20:38,3.515660917,0.0,26.98192978,1012.25,59.90444183,970.63,47.67516708,0.0,0.0,0.0,0.0,0.0,0.0,2797.502424,-44.9996288,1483
283,2023-09-01 18:21:40,3.515660917,0.0,27.00051308,1012.25,60.27278519,981.173,47.67516708,0.0,0.0,0.0,0.0,0.0,0.0,2797.492757,-44.99911966,1484
284,2023-09-01 18:22:43,3.515660917,0.0,27.00114441,1012.26,60.18303299,981.173,47.67516708,0.0,0.0,0.0,0.0,0.0,0.0,2797.200317,-45.00182114,1485
285,2023-09-01 18:23:45,3.515660917,0.0,26.98003769,1012.25,60.14779282,986.171,47.67516708,0.0,0.0,0.0,0.0,0.0,0.0,2797.155776,-44.9994378,1486
286,2023-09-01 18:24:48,3.515660917,0.0,27.00586891,1012.25,60.35706329,992.674,47.75851059,0.0,0.0,0.0,0.0,0.0,0.0,2796.943093,-44.9986456,1487
287,2023-09-01 18:25:52,3.517276217,0.0,27.00523758,1012.26,60.35054779,996.323,47.59181976,0.0,0.0,0.0,0.0,0.0,0.0,2796.887159,-44.99923263,1488
288,2023-09-01 18:26:54,3.517276217,0.0,27.02602577,1012.27,60.28947067,995.591,47.59181976,0.0,0.0,0.0,0.0,0.0,0.0,2796.7765,-45.00044567,1489
289,2023-09-01 18:27:56,3.515660917,0.0,27.03988266,1012.26,60.52280807,993.401,47.59181976,0.0,0.0,0.0,0.0,0.0,0.0,2796.782025,-44.99987273,1490
290,2023-09-01 18:28:59,3.515660917,0.0,27.02980614,1012.26,59.95005417,1001.478,47.59181976,0.0,0.0,0.0,0.0,0.0,0.0,2796.849872,-45.00240136,1491
291,2023-09-01 18:30:01,3.518891486,0.0,27.02634048,1012.28,59.39268494,1001.478,47.50847244,0.0,0.0,0.0,0.0,0.0,0.0,2796.553286,-44.99928913,1492
292,2023-09-01 18:31:03,3.518891486,0.0,27.04744339,1012.29,60.60752106,1000.738,47.42563248,0.0,0.0,0.0,0.0,0.0,0.0,2796.414489,-44.99840482,1493
293,2023-09-01 18:32:06,3.517276217,0.0,27.05405807,1012.28,60.11398315,1005.939,47.42563248,0.0,0.0,0.0,0.0,0.0,0.0,2796.544826,-45.00053766,1494
294,2023-09-01 18:33:08,3.520506725,0.0,27.06067276,1012.29,60.1855545,1007.434,47.34228897,0.0,0.0,0.0,0.0,0.0,0.0,2796.253249,-45.00137606,1495
295,2023-09-01 18:34:11,3.522121933,0.0,27.05815506,1012.29,59.49971008,1003.703,47.34228897,0.0,0.0,0.0,0.0,0.0,0.0,2796.403787,-44.99794499,1496
296,2023-09-01 18:35:13,3.522121933,0.0,27.0568943,1012.29,59.89001846,1011.949,47.34228897,0.0,0.0,0.0,0.0,0.0,0.0,2796.440732,-45.00298179,1497
297,2023-09-01 18:36:15,3.520506725,0.0,27.05122375,1012.31,59.78666687,1008.935,47.25894547,0.0,0.0,0.0,0.0,0.0,0.0,2796.220276,-44.99879736,1498
298,2023-09-01 18:37:17,3.522121933,0.0,27.05626297,1012.32,59.63378525,1014.221,47.09276581,0.0,0.0,0.0,0.0,0.0,0.0,2796.350614,-44.99966402,1499
299,2023-09-01 18:38:20,3.520506725,0.0,27.08555603,1012.34,59.93916321,1010.439,46.92658615,0.0,0.0,0.0,0.0,0.0,0.0,2796.402232,-45.0015493,1500
300,2023-09-01 18:39:24,3.517276217,0.0,27.13154221,1012.35,60.28606415,1011.194,46.84324646,0.0,0.0,0.0,0.0,0.0,0.0,2796.225801,-44.998005,1501
301,2023-09-01 18:40:26,3.520506725,0.0,27.13311768,1012.35,60.42118073,1018.797,46.92658615,0.0,0.0,0.0,0.0,0.0,0.0,2796.004656,-45.00032197,1502
304,2023-09-01 18:41:28,3.520506725,0.0,27.15107155,1012.37,60.39819717,1025.738,46.75990677,0.0,0.0,0.0,0.0,0.0,0.0,2796.120838,-45.0000142,1505
305,2023-09-01 18:42:30,3.52373711,0.0,27.16335487,1012.37,60.77301788,1028.853,46.67656708,0.0,0.0,0.0,0.0,0.0,0.0,2795.680278,-45.00098362,1506
306,2023-09-01 18:43:33,3.53019751,0.0,27.10445595,1012.38,61.27959061,1028.853,46.59322739,0.0,0.0,0.0,0.0,0.0,0.0,2795.715668,-45.00050598,1507
307,2023-09-01 18:44:35,3.525352257,0.0,27.06571388,1012.38,61.51899719,1031.987,46.50989151,0.0,0.0,0.0,0.0,0.0,0.0,2795.605355,-44.99903061,1508
308,2023-09-01 18:45:37,3.526967372,0.0,27.04523849,1012.38,61.80025101,1034.351,46.50989151,0.0,0.0,0.0,0.0,0.0,0.0,2795.184647,-45.0002796,1509
309,2023-09-01 18:46:39,3.525352257,0.0,27.0127964,1012.42,61.62074661,1037.519,46.3437233,0.0,0.0,0.0,0.0,0.0,0.0,2795.203293,-44.99826259,1510
310,2023-09-01 18:47:42,3.525352257,0.0,26.99956703,1012.42,61.65102386,1043.913,46.3437233,0.0,0.0,0.0,0.0,0.0,0.0,2794.941062,-45.00146518,1511
311,2023-09-01 18:48:44,3.52373711,0.0,26.99925232,1012.43,62.03264618,1047.14,46.17705154,0.0,0.0,0.0,0.0,0.0,0.0,2794.826433,-45.00109717,1521
312,2023-09-01 18:49:46,3.52373711,0.0,26.98602295,1012.43,61.44871902,1046.332,46.17705154,0.0,0.0,0.0,0.0,0.0,0.0,2794.834029,-45.00096268,1522
313,2023-09-01 18:50:49,3.533427523,0.0,26.97059059,1012.44,61.78235626,1051.202,46.09371567,0.0,0.0,0.0,0.0,0.0,0.0,2794.759451,-44.99982309,1523
314,2023-09-01 18:51:51,3.525352257,0.0,26.9567318,1012.47,61.67679977,1047.14,45.76089096,0.0,0.0,0.0,0.0,0.0,0.0,2794.516217,-45.00399614,1524
315,2023-09-01 18:52:54,3.53019751,0.0,26.93972206,1012.49,61.75823975,1046.332,45.6775589,0.0,0.0,0.0,0.0,0.0,0.0,2794.498602,-44.99897713,1525
316,2023-09-01 18:53:56,3.53019751,0.0,26.90790939,1012.49,61.77923203,1052.018,45.6775589,0.0,0.0,0.0,0.0,0.0,0.0,2794.226876,-45.00005315,1526
317,2023-09-01 18:54:58,3.531812532,0.0,26.92743874,1012.53,62.20944214,1063.579,45.42757034,0.0,0.0,0.0,0.0,0.0,0.0,2794.225668,-45.0004036,1527
318,2023-09-01 18:56:00,3.535042483,0.0,26.91578674,1012.54,62.31135559,1066.929,45.26141739,0.0,0.0,0.0,0.0,0.0,0.0,2794.210304,-45.00012395,1528
319,2023-09-01 18:57:03,3.533427523,0.0,26.95074844,1012.55,61.85046387,1069.455,45.17809296,0.0,0.0,0.0,0.0,0.0,0.0,2793.996586,-44.99754673,1529
320,2023-09-01 18:58:05,3.533427523,0.0,26.9450779,1012.56,61.32631302,1064.414,45.17809296,0.0,0.0,0.0,0.0,0.0,0.0,2794.169219,-44.99793627,1530
321,2023-09-01 18:59:07,3.533427523,0.0,26.96492004,1012.59,60.98119736,1061.912,44.92811584,0.0,0.0,0.0,0.0,0.0,0.0,2794.295412,-45.00108322,1531
322,2023-09-01 19:00:09,3.526967372,0.0,26.98224449,1012.6,60.72631454,1061.08,44.92811584,0.0,0.0,0.0,0.0,0.0,0.0,2794.272798,-45.00168146,1532
323,2023-09-01 19:01:12,3.533427523,0.0,27.0080719,1012.6,60.66589737,1060.25,44.76197052,0.0,0.0,0.0,0.0,0.0,0.0,2794.352726,-44.99983723,1533
324,2023-09-01 19:02:15,3.53665741,0.0,27.03295517,1012.61,60.53461075,1054.474,44.76197052,0.0,0.0,0.0,0.0,0.0,0.0,2790.985683,-45.00070176,1534
325,2023-09-01 19:03:17,3.53665741,0.0,27.05279922,1012.61,61.49765015,1053.654,44.76197052,0.0,0.0,0.0,0.0,0.0,0.0,2790.81685,-45.00276452,1535
326,2023-09-01 19:04:19,3.531812532,0.0,27.03894043,1012.62,61.04395676,1059.421,44.59582901,0.0,0.0,0.0,0.0,0.0,0.0,2791.020212,-45.00261547,1536
327,2023-09-01 19:05:21,3.538272307,0.0,27.03610611,1012.62,61.87648392,1062.745,44.67915344,0.0,0.0,0.0,0.0,0.0,0.0,2790.81046,-44.99882692,1537
328,2023-09-01 19:06:24,3.53665741,0.0,27.04366493,1012.62,61.89705658,1061.08,44.67915344,0.0,0.0,0.0,0.0,0.0,0.0,2790.736055,-44.99937626,1538
329,2023-09-01 19:07:26,3.541502004,0.0,27.00271988,1012.62,61.94254303,1060.25,44.67915344,0.0,0.0,0.0,0.0,0.0,0.0,2790.708607,-45.00158436,1539
330,2023-09-01 19:08:29,3.539887171,0.0,26.96460533,1012.61,62.11797714,1066.089,44.59582901,0.0,0.0,0.0,0.0,0.0,0.0,2790.437744,-45.00046795,1540
331,2023-09-01 19:09:31,3.533427523,0.0,26.96932983,1012.63,61.84037018,1061.08,44.59582901,0.0,0.0,0.0,0.0,0.0,0.0,2790.519574,-44.99785205,1541
332,2023-09-01 19:10:33,3.535042483,0.0,26.97972488,1012.62,61.73202896,1061.08,44.59582901,0.0,0.0,0.0,0.0,0.0,0.0,2790.468473,-44.99890122,1542
333,2023-09-01 19:11:35,3.53665741,0.0,26.98949051,1012.65,61.73352051,1069.455,44.42918777,0.0,0.0,0.0,0.0,0.0,0.0,2790.279612,-45.00076574,1543
334,2023-09-01 19:12:37,3.538272307,0.0,26.98854446,1012.66,61.60411072,1067.769,44.26305008,0.0,0.0,0.0,0.0,0.0,0.0,2790.126325,-45.00528928,1544
335,2023-09-01 19:13:40,3.541502004,0.0,26.98696899,1012.67,60.92657089,1066.929,44.26305008,0.0,0.0,0.0,0.0,0.0,0.0,2790.143404,-44.99987598,1545
336,2023-09-01 19:14:42,3.53665741,0.0,26.95956802,1012.66,61.54800797,1068.612,44.26305008,0.0,0.0,0.0,0.0,0.0,0.0,2789.004543,-45.0023762,1546
337,2023-09-01 19:15:44,3.539887171,0.0,26.99074936,1012.68,61.19135284,1062.745,44.09641266,0.0,0.0,0.0,0.0,0.0,0.0,2788.928239,-45.00248975,1547
338,2023-09-01 19:16:46,3.543116804,0.0,27.00933266,1012.69,60.94283676,1061.912,44.09641266,0.0,0.0,0.0,0.0,0.0,0.0,2789.015247,-45.00269537,1548
339,2023-09-01 19:17:48,3.538272307,0.0,27.03894043,1012.72,61.0697403,1059.421,43.8469696,0.0,0.0,0.0,0.0,0.0,0.0,2789.032162,-45.00099306,1549
340,2023-09-01 19:18:50,3.541502004,0.0,27.11359024,1012.71,61.11974716,1056.942,43.8469696,0.0,0.0,0.0,0.0,0.0,0.0,2788.961037,-44.99959575,1550
341,2023-09-01 19:19:53,3.53665741,0.0,27.08618546,1012.72,61.58672714,1062.745,43.8469696,0.0,0.0,0.0,0.0,0.0,0.0,2788.984689,-44.99831546,1551
342,2023-09-01 19:20:55,3.539887171,0.0,27.09248734,1012.71,61.67816544,1061.08,43.92977905,0.0,0.0,0.0,0.0,0.0,0.0,2789.018006,-45.00066679,1552
343,2023-09-01 19:21:57,3.543116804,0.0,27.08775902,1012.7,60.83880234,1062.745,43.92977905,0.0,0.0,0.0,0.0,0.0,0.0,2789.098805,-45.00398617,1553
344,2023-09-01 19:23:00,3.543116804,0.0,27.07264137,1012.71,60.7335434,1061.912,43.92977905,0.0,0.0,0.0,0.0,0.0,0.0,2789.063927,-45.0004469,1554
345,2023-09-01 19:24:02,3.539887171,0.0,27.07138062,1012.71,60.675457,1060.25,43.92977905,0.0,0.0,0.0,0.0,0.0,0.0,2788.88974,-45.00076967,1555
346,2023-09-01 19:25:04,3.543116804,0.0,27.06823158,1012.71,60.82941818,1056.942,43.92977905,0.0,0.0,0.0,0.0,0.0,0.0,2789.021805,-45.00111364,1556
347,2023-09-01 19:26:06,3.544731573,0.0,27.08587074,1012.71,60.46546936,1059.421,43.8469696,0.0,0.0,0.0,0.0,0.0,0.0,2788.705885,-44.99902112,1557
348,2023-09-01 19:27:08,3.543116804,0.0,27.08051682,1012.72,59.84870529,1056.118,43.8469696,0.0,0.0,0.0,0.0,0.0,0.0,2788.894746,-45.00097183,1558
349,2023-09-01 19:28:10,3.54634631,0.0,27.09752464,1012.73,59.50556946,1051.202,43.7636528,0.0,0.0,0.0,0.0,0.0,0.0,2788.861945,-45.00034053,1559
350,2023-09-01 19:29:12,3.547961014,0.0,27.11673927,1012.72,59.58520889,1047.95,43.7636528,0.0,0.0,0.0,0.0,0.0,0.0,2788.946364,-44.99906731,1560
351,2023-09-01 19:30:15,3.543116804,0.0,27.12051773,1012.75,59.47702789,1038.314,43.59702301,0.0,0.0,0.0,0.0,0.0,0.0,2788.765102,-45.00318862,1561
352,2023-09-01 19:31:17,3.539887171,0.0,27.12303734,1012.75,59.59893417,1033.562,43.51371002,0.0,0.0,0.0,0.0,0.0,0.0,2788.761308,-45.00443,1562
353,2023-09-01 19:32:20,3.543116804,0.0,27.12776184,1012.75,58.94162369,1038.314,43.51371002,0.0,0.0,0.0,0.0,0.0,0.0,2788.860564,-44.99982981,1563
354,2023-09-01 19:33:22,3.547961014,0.0,27.13941574,1012.75,58.94971848,1037.519,43.51371002,0.0,0.0,0.0,0.0,0.0,0.0,2788.875583,-45.00039373,1564
355,2023-09-01 19:34:25,3.543116804,0.0,27.14287949,1012.74,59.24386215,1033.562,43.680336,0.0,0.0,0.0,0.0,0.0,0.0,2788.721077,-45.0006243,1565
356,2023-09-01 19:35:28,3.544731573,0.0,27.14036179,1012.75,59.07108688,1026.515,43.680336,0.0,0.0,0.0,0.0,0.0,0.0,2788.866952,-44.99899635,1566
357,2023-09-01 19:36:30,3.544731573,0.0,27.14634705,1012.73,58.94437027,1028.853,43.7636528,0.0,0.0,0.0,0.0,0.0,0.0,2788.845373,-44.99933327,1567
358,2023-09-01 19:37:32,3.549575686,0.0,27.14287949,1012.73,59.05231476,1024.962,43.7636528,0.0,0.0,0.0,0.0,0.0,0.0,2788.912527,-44.99955673,1568
359,2023-09-01 19:38:34,3.549575686,0.0,27.1431942,1012.76,59.23112869,1026.515,43.59702301,0.0,0.0,0.0,0.0,0.0,0.0,2788.721768,-45.0018586,1569
360,2023-09-01 19:39:36,3.549575686,0.0,27.15327454,1012.76,58.84972763,1028.853,43.43039703,0.0,0.0,0.0,0.0,0.0,0.0,2788.697944,-45.0002909,1570
361,2023-09-01 19:40:39,3.543116804,0.0,27.15264511,1012.77,58.94530106,1023.413,43.43039703,0.0,0.0,0.0,0.0,0.0,0.0,2788.712794,-44.99703488,1571
362,2023-09-01 19:41:42,3.549575686,0.0,27.1592598,1012.77,58.90800858,1022.641,43.34708405,0.0,0.0,0.0,0.0,0.0,0.0,2788.597301,-45.00258582,1572
363,2023-09-01 19:42:44,3.552804933,0.0,27.17437744,1012.77,59.12719727,1019.563,43.2642746,0.0,0.0,0.0,0.0,0.0,0.0,2788.739548,-44.99942901,1573
364,2023-09-01 19:43:46,3.544731573,0.0,27.17059898,1012.79,59.76609039,1008.184,43.18096542,0.0,0.0,0.0,0.0,0.0,0.0,2788.7121,-44.99963118,1574
365,2023-09-01 19:44:49,3.551190325,0.0,27.17973328,1012.81,60.20985794,1002.96,43.09765625,0.0,0.0,0.0,0.0,0.0,0.0,2788.755777,-44.99849975,1575
366,2023-09-01 19:45:51,3.551190325,0.0,27.18162155,1012.79,59.74211884,1000.0,43.2642746,0.0,0.0,0.0,0.0,0.0,0.0,2788.969845,-44.99720893,1576
367,2023-09-01 19:46:54,3.549575686,0.0,27.19894791,1012.8,59.73830032,992.674,43.01434326,0.0,0.0,0.0,0.0,0.0,0.0,2789.158879,-44.99710628,1577
368,2023-09-01 19:47:56,3.54634631,0.0,27.22792435,1012.8,59.80028534,994.86,43.01434326,0.0,0.0,0.0,0.0,0.0,0.0,2789.035788,-44.9985992,1578
369,2023-09-01 19:48:58,3.551190325,0.0,27.23264694,1012.81,59.79457855,1000.0,43.01434326,0.0,0.0,0.0,0.0,0.0,0.0,2788.966044,-45.00084058,1588
370,2023-09-01 19:50:01,3.552804933,0.0,27.18823814,1012.81,59.28892517,1001.478,43.09765625,0.0,0.0,0.0,0.0,0.0,0.0,2788.905967,-44.99906729,1589
371,2023-09-01 19:51:04,3.556034049,0.0,27.1592598,1012.8,60.10411072,1001.478,43.09765625,0.0,0.0,0.0,0.0,0.0,0.0,2788.999707,-45.00009935,1590
372,2023-09-01 19:52:06,3.552804933,0.0,27.14382553,1012.81,60.30075836,1000.0,43.01434326,0.0,0.0,0.0,0.0,0.0,0.0,2789.122971,-44.99717717,1591
373,2023-09-01 19:53:09,3.556034049,0.0,27.09847069,1012.78,60.69240952,1011.949,43.2642746,0.0,0.0,0.0,0.0,0.0,0.0,2788.843819,-45.00007453,1592
374,2023-09-01 19:54:11,3.551190325,0.0,27.08429527,1012.78,60.42667389,1018.797,43.34708405,0.0,0.0,0.0,0.0,0.0,0.0,2788.857459,-45.00219899,1593
375,2023-09-01 19:55:14,3.552804933,0.0,27.06350708,1012.76,60.97680664,1025.738,43.43039703,0.0,0.0,0.0,0.0,0.0,0.0,2788.961728,-44.99958156,1594
376,2023-09-01 19:56:17,3.549575686,0.0,27.06665611,1012.78,61.23514557,1029.635,43.43039703,0.0,0.0,0.0,0.0,0.0,0.0,2788.721595,-45.00162805,1595
